"caso","url","partido","lugar","coste","total_implicados","fecha","estado_judicial"
"Caso 3 per cent","https://www.casos-aislados.com/Caso-Aislado.php?Caso=Caso 3 per cent&numero=217","CDC","Cataluña","1800000000 €","10","2008","Abierto"
"Caso À Punt","https://www.casos-aislados.com/Caso-Aislado.php?Caso=Caso À Punt&numero=634","Empresas Públicas","Comunidad Valenciana","0 €","2","2017","Abierto"
"Caso Abogados Melilla","https://www.casos-aislados.com/Caso-Aislado.php?Caso=Caso Abogados Melilla&numero=334","PP","Melilla","1114510 €","14","2005","Cerrado con condenas"
"Caso Aceinsa","https://www.casos-aislados.com/Caso-Aislado.php?Caso=Caso Aceinsa&numero=563","PP","Castilla y León","300000 €","4",,"Sobreseimiento Provisional"
"Caso Aceinsa II","https://www.casos-aislados.com/Caso-Aislado.php?Caso=Caso Aceinsa II&numero=645","PP","Castilla y León","700000 €","1","2012","Cerrado con condenas"
"Caso ACM","https://www.casos-aislados.com/Caso-Aislado.php?Caso=Caso ACM&numero=281","PSOE","Andalucía","500000 €","3","2007","Abierto"
"Caso Acuamed","https://www.casos-aislados.com/Caso-Aislado.php?Caso=Caso Acuamed&numero=185","PP","Comunidad Valenciana","20000000 €","48","2016","Abierto"
"Caso ADIF/AVE La Sagrera","https://www.casos-aislados.com/Caso-Aislado.php?Caso=Caso ADIF/AVE La Sagrera&numero=287","Empresas","Nacional","133000000 €","14","2010","Abierto"
"Caso ADIF/AVE Murcia","https://www.casos-aislados.com/Caso-Aislado.php?Caso=Caso ADIF/AVE Murcia&numero=426","Empresas","Región de Murcia","25000000 €","57","2008","Abierto"
"Caso Adigsa","https://www.casos-aislados.com/Caso-Aislado.php?Caso=Caso Adigsa&numero=12","CDC","Cataluña","120031 €","7","2003","Cerrado con condenas"
"Caso Aerocas","https://www.casos-aislados.com/Caso-Aislado.php?Caso=Caso Aerocas&numero=580","PP","Comunidad Valenciana","3600000 €","11","2009","Abierto"
"Caso Aerolíneas Argentinas","https://www.casos-aislados.com/Caso-Aislado.php?Caso=Caso Aerolíneas Argentinas&numero=623","Empresas","Nacional","99049520 €","2","2001","Cerrado con condenas"
"Caso AEXPA","https://www.casos-aislados.com/Caso-Aislado.php?Caso=Caso AEXPA&numero=301","PP","Galicia","600000 €","7","2005","Abierto"
"Caso Aguas de Calpe","https://www.casos-aislados.com/Caso-Aislado.php?Caso=Caso Aguas de Calpe&numero=589","PP","Comunidad Valenciana","1073316 €","7","2004","Abierto"
"Caso Ahora Madrid","https://www.casos-aislados.com/Caso-Aislado.php?Caso=Caso Ahora Madrid&numero=291","AM","Comunidad de Madrid","50000 €","3","2016","Abierto"
"Caso Alhama de Granada","https://www.casos-aislados.com/Caso-Aislado.php?Caso=Caso Alhama de Granada&numero=368","PP","Andalucía","0 €","2","2014","Abierto"
"Caso Alhambra/Audioguías","https://www.casos-aislados.com/Caso-Aislado.php?Caso=Caso Alhambra/Audioguías&numero=523","PSOE","Andalucía","7000000 €","26","2007","Abierto"
"Caso Aljaraque","https://www.casos-aislados.com/Caso-Aislado.php?Caso=Caso Aljaraque&numero=676","PSOE","Andalucía","0 €","1","2017","Abierto"
"Caso Aller","https://www.casos-aislados.com/Caso-Aislado.php?Caso=Caso Aller&numero=319","PSOE","Asturias","180000 €","2","1997","Abierto"
"Caso Almenas","https://www.casos-aislados.com/Caso-Aislado.php?Caso=Caso Almenas&numero=267","PSOE","Castilla La Mancha","0 €","9","2012","Abierto"
"Caso Alonso de León","https://www.casos-aislados.com/Caso-Aislado.php?Caso=Caso Alonso de León&numero=400","PSOE","Galicia","0 €","1","2012","Cerrado con condenas"
"Caso Alonsotegi Eraikiz","https://www.casos-aislados.com/Caso-Aislado.php?Caso=Caso Alonsotegi Eraikiz&numero=210","PNV","País Vasco","4100000 €","6","2003","Abierto"
"Caso Amat","https://www.casos-aislados.com/Caso-Aislado.php?Caso=Caso Amat&numero=251","PP","Andalucía","0 €","1",,"Abierto"
"Caso Ambulancias","https://www.casos-aislados.com/Caso-Aislado.php?Caso=Caso Ambulancias&numero=406","PP","Comunidad de Madrid","0 €","4","2016","Abierto"
"Caso Amnistía Fiscal","https://www.casos-aislados.com/Caso-Aislado.php?Caso=Caso Amnistía Fiscal&numero=282","PP","Comunidad de Madrid","38809000000 €","705","2012",
"Caso Ampuero","https://www.casos-aislados.com/Caso-Aislado.php?Caso=Caso Ampuero&numero=473","PP","Comunidad de Madrid","105012 €","1","2004","Cerrado con condenas"
"Caso Ana Gago","https://www.casos-aislados.com/Caso-Aislado.php?Caso=Caso Ana Gago&numero=642","PP","Castilla y León","0 €","1","2015","Cerrado con condenas"
"Caso Andratx","https://www.casos-aislados.com/Caso-Aislado.php?Caso=Caso Andratx&numero=43","PP","Baleares","740000 €","30","2006","Cerrado con condenas"
"Caso Aneri","https://www.casos-aislados.com/Caso-Aislado.php?Caso=Caso Aneri&numero=626","Empresas","Comunidad de Madrid","15000000 €","5","2012","Abierto"
"Caso Antonio Rodríguez","https://www.casos-aislados.com/Caso-Aislado.php?Caso=Caso Antonio Rodríguez&numero=38","PSC","Cataluña","0 €","1",,"Abierto"
"Caso Aplauso","https://www.casos-aislados.com/Caso-Aislado.php?Caso=Caso Aplauso&numero=660","PP","Comunidad Valenciana","0 €","2",,"Abierto"
"Caso Aquagest","https://www.casos-aislados.com/Caso-Aislado.php?Caso=Caso Aquagest&numero=374","USPC","Asturias","0 €","12","2009","Abierto"
"Caso Arcos","https://www.casos-aislados.com/Caso-Aislado.php?Caso=Caso Arcos&numero=104","PSOE","Andalucía","0 €","11","2010","Cerrado con condenas"
"Caso Arena","https://www.casos-aislados.com/Caso-Aislado.php?Caso=Caso Arena&numero=44","PP","Galicia","0 €","0","2011","Archivado parcialmente"
"Caso Arona","https://www.casos-aislados.com/Caso-Aislado.php?Caso=Caso Arona&numero=7","CC","Canarias","291475 €","12","2003","Cerrado con condenas"
"Caso Arquitecto","https://www.casos-aislados.com/Caso-Aislado.php?Caso=Caso Arquitecto&numero=335","PP","Melilla","0 €","1","2007","Abierto"
"Caso Arroyo Encomienda","https://www.casos-aislados.com/Caso-Aislado.php?Caso=Caso Arroyo Encomienda&numero=554","PP","Castilla y León","0 €","3","2004","Cerrado con condenas"
"Caso Asesores","https://www.casos-aislados.com/Caso-Aislado.php?Caso=Caso Asesores&numero=310","PSOE","Andalucía","206834 €","3","2005","Cerrado con condenas"
"Caso Asesorías","https://www.casos-aislados.com/Caso-Aislado.php?Caso=Caso Asesorías&numero=364","PP","Comunidad Valenciana","1700000 €","20","2007","Abierto"
"Caso Astapa","https://www.casos-aislados.com/Caso-Aislado.php?Caso=Caso Astapa&numero=105","PSOE","Andalucía","63000000 €","16","2006","Abierto"
"Caso Atarfe","https://www.casos-aislados.com/Caso-Aislado.php?Caso=Caso Atarfe&numero=106","PSOE","Andalucía","0 €","1","2012","Cerrado con condenas"
"Caso Ático Estepona","https://www.casos-aislados.com/Caso-Aislado.php?Caso=Caso Ático Estepona&numero=250","PP","Comunidad de Madrid","0 €","3","2008","Abierto"
"Caso Atlante","https://www.casos-aislados.com/Caso-Aislado.php?Caso=Caso Atlante&numero=188","CC","Canarias","0 €","5","2002","Abierto"
"Caso Auditori Paterna","https://www.casos-aislados.com/Caso-Aislado.php?Caso=Caso Auditori Paterna&numero=375","PP","Comunidad Valenciana","529506 €","1","2010","Cerrado con condenas"
"Caso Auditorio","https://www.casos-aislados.com/Caso-Aislado.php?Caso=Caso Auditorio&numero=100","PP","Región de Murcia","6000000 €","21","2008","Abierto"
"Caso AVE","https://www.casos-aislados.com/Caso-Aislado.php?Caso=Caso AVE&numero=103","PSOE","Nacional","6000000 €","8","1990","Cerrado con condenas"
"Caso Avialsa","https://www.casos-aislados.com/Caso-Aislado.php?Caso=Caso Avialsa&numero=613","PP","Comunidad Valenciana","1100000 €","3",,"Abierto"
"Caso Avión Privado","https://www.casos-aislados.com/Caso-Aislado.php?Caso=Caso Avión Privado&numero=332","Empresas","Comunidad de Madrid","1014298 €","4","2012","Abierto"
"Caso Ayto. San Fernando","https://www.casos-aislados.com/Caso-Aislado.php?Caso=Caso Ayto. San Fernando&numero=313","PA","Andalucía","7665734 €","9","2011","Abierto"
"Caso Azud","https://www.casos-aislados.com/Caso-Aislado.php?Caso=Caso Azud&numero=621","PP","Comunidad Valenciana","4000000 €","12",,"Abierto"
"Caso Bahia Competitiva","https://www.casos-aislados.com/Caso-Aislado.php?Caso=Caso Bahia Competitiva&numero=166","Empresas","Andalucía","21000000 €","31","2007","Abierto"
"Caso Bajo Guadalquivir","https://www.casos-aislados.com/Caso-Aislado.php?Caso=Caso Bajo Guadalquivir&numero=493","PSOE","Andalucía","210393 €","5","2015","Abierto"
"Caso Balenciaga","https://www.casos-aislados.com/Caso-Aislado.php?Caso=Caso Balenciaga&numero=413","PNV","País Vasco","10200000 €","3","1999","Cerrado con condenas"
"Caso Baltar","https://www.casos-aislados.com/Caso-Aislado.php?Caso=Caso Baltar&numero=45","PP","Galicia","697000 €","1","2013","Cerrado con condenas"
"Caso Baña","https://www.casos-aislados.com/Caso-Aislado.php?Caso=Caso Baña&numero=593","Vox","Canarias","877120 €","2","2003","Cerrado con condenas"
"Caso Banca Catalana","https://www.casos-aislados.com/Caso-Aislado.php?Caso=Caso Banca Catalana&numero=17","CiU","Cataluña","10000000 €","18","1982",
"Caso Banesto","https://www.casos-aislados.com/Caso-Aislado.php?Caso=Caso Banesto&numero=214","Bancos","Comunidad de Madrid","2704000000 €","1","1993",
"Caso Bankia Salida a Bolsa","https://www.casos-aislados.com/Caso-Aislado.php?Caso=Caso Bankia Salida a Bolsa&numero=1","Bancos","Nacional","0 €","34","2010","Abierto"
"Caso Bantierra","https://www.casos-aislados.com/Caso-Aislado.php?Caso=Caso Bantierra&numero=670","Cajas de Ahorros","Aragón","0 €","8","2012","Abierto"
"Caso Bárcenas","https://www.casos-aislados.com/Caso-Aislado.php?Caso=Caso Bárcenas&numero=52","PP","Comunidad de Madrid","56000000 €","3","2013","Abierto"
"Caso Barraca","https://www.casos-aislados.com/Caso-Aislado.php?Caso=Caso Barraca&numero=377","PP","Región de Murcia","0 €","13","2004","Abierto"
"Caso Barreiros","https://www.casos-aislados.com/Caso-Aislado.php?Caso=Caso Barreiros&numero=535","PP","Galicia","0 €","3","2006","Abierto"
"Caso BB Serveis","https://www.casos-aislados.com/Caso-Aislado.php?Caso=Caso BB Serveis&numero=647","Empresas","Nacional","35000000 €","7","2016","Abierto"
"Caso Bea Gondar","https://www.casos-aislados.com/Caso-Aislado.php?Caso=Caso Bea Gondar&numero=397","PP","Galicia","0 €","1",,"Cerrado con condenas"
"Caso Benagéber","https://www.casos-aislados.com/Caso-Aislado.php?Caso=Caso Benagéber&numero=363","PP","Comunidad Valenciana","100000 €","2","2012","Abierto"
"Caso Beniferri","https://www.casos-aislados.com/Caso-Aislado.php?Caso=Caso Beniferri&numero=366","PSOE","Comunidad Valenciana","2200 €","1","2014","Abierto"
"Caso Biblioteca","https://www.casos-aislados.com/Caso-Aislado.php?Caso=Caso Biblioteca&numero=46","PP","Región de Murcia","300000 €","15",,
"Caso Bidegi","https://www.casos-aislados.com/Caso-Aislado.php?Caso=Caso Bidegi&numero=423","PNV","País Vasco","30700000 €","5","2011","Abierto"
"Caso Bitácora","https://www.casos-aislados.com/Caso-Aislado.php?Caso=Caso Bitácora&numero=572","UM","Baleares","37710 €","7","2008","Cerrado con condenas"
"Caso Bitel","https://www.casos-aislados.com/Caso-Aislado.php?Caso=Caso Bitel&numero=48","PP","Baleares","700000 €","1","2007","Cerrado con condenas"
"Caso Bolsos","https://www.casos-aislados.com/Caso-Aislado.php?Caso=Caso Bolsos&numero=382","PP","Comunidad de Madrid","370 €","1","2010","Cerrado con condenas"
"Caso Bomsai","https://www.casos-aislados.com/Caso-Aislado.php?Caso=Caso Bomsai&numero=49","PP","Baleares","568000 €","2","2008","Sobreseimiento Provisional"
"Caso Bon Sosec","https://www.casos-aislados.com/Caso-Aislado.php?Caso=Caso Bon Sosec&numero=50","PP","Baleares","9586143 €","0","1992",
"Caso Boreas","https://www.casos-aislados.com/Caso-Aislado.php?Caso=Caso Boreas&numero=531","PdeCAT","Cataluña","0 €","26","2010","Abierto"
"Caso Bragasgate","https://www.casos-aislados.com/Caso-Aislado.php?Caso=Caso Bragasgate&numero=274","PP","Canarias","0 €","1","2003","Archivado"
"Caso Brokervald","https://www.casos-aislados.com/Caso-Aislado.php?Caso=Caso Brokervald&numero=630","Empresas","Baleares","2200000 €","6","1994","Cerrado con condenas"
"Caso Brugal","https://www.casos-aislados.com/Caso-Aislado.php?Caso=Caso Brugal&numero=51","PP","Comunidad Valenciana","813300000 €","35","2006","Abierto"
"Caso Brugger","https://www.casos-aislados.com/Caso-Aislado.php?Caso=Caso Brugger&numero=673","PP","Comunidad Valenciana","0 €","2","2018","Abierto"
"Caso Caballo de Troya","https://www.casos-aislados.com/Caso-Aislado.php?Caso=Caso Caballo de Troya&numero=53","PP","Galicia","1200000000 €","15",,
"Caso Cabanes","https://www.casos-aislados.com/Caso-Aislado.php?Caso=Caso Cabanes&numero=362","PP","Comunidad Valenciana","200000 €","6","2007","Abierto"
"Caso Caja Murcia","https://www.casos-aislados.com/Caso-Aislado.php?Caso=Caso Caja Murcia&numero=529","Cajas de Ahorros","Región de Murcia","2000000 €","1","2010","Abierto"
"Caso Caja Navarra","https://www.casos-aislados.com/Caso-Aislado.php?Caso=Caso Caja Navarra&numero=157","UPN","Navarra","0 €","0",,"Archivado"
"Caso Caldelas","https://www.casos-aislados.com/Caso-Aislado.php?Caso=Caso Caldelas&numero=357","PP","Galicia","0 €","1","2009","Cerrado con condenas"
"Caso CAM","https://www.casos-aislados.com/Caso-Aislado.php?Caso=Caso CAM&numero=54","PP","Comunidad Valenciana","0 €","8","2011","Cerrado con condenas"
"Caso CAM/Caribe","https://www.casos-aislados.com/Caso-Aislado.php?Caso=Caso CAM/Caribe&numero=448","Cajas de Ahorros","Comunidad Valenciana","28000000 €","14","2004","Abierto"
"Caso Cámara de Propiedad","https://www.casos-aislados.com/Caso-Aislado.php?Caso=Caso Cámara de Propiedad&numero=411","IU","País Vasco","2600000 €","0","2006","Cerrado con condenas"
"Caso Camelot","https://www.casos-aislados.com/Caso-Aislado.php?Caso=Caso Camelot&numero=360","PP","Región de Murcia","3000000 €","4","2007","Abierto"
"Caso Camisetas","https://www.casos-aislados.com/Caso-Aislado.php?Caso=Caso Camisetas&numero=24","GIL","Andalucía","2705000 €","0","1999",
"Caso Campeón","https://www.casos-aislados.com/Caso-Aislado.php?Caso=Caso Campeón&numero=451","PP","Galicia","2009000 €","11","2010","Cerrado con condenas"
"Caso Campus de la Justicia","https://www.casos-aislados.com/Caso-Aislado.php?Caso=Caso Campus de la Justicia&numero=610","PP","Comunidad de Madrid","91700000 €","4","2006","Abierto"
"Caso Can Domenge","https://www.casos-aislados.com/Caso-Aislado.php?Caso=Caso Can Domenge&numero=151","UM","Baleares","12000000 €","6","2003","Cerrado con condenas"
"Caso Canillas Albaida","https://www.casos-aislados.com/Caso-Aislado.php?Caso=Caso Canillas Albaida&numero=388","PP","Andalucía","0 €","1","2007","Cerrado con condenas"
"Caso Carioca","https://www.casos-aislados.com/Caso-Aislado.php?Caso=Caso Carioca&numero=56","PP","Galicia","0 €","1",,"Archivado parcialmente al no hallar un cadáver que se buscaba durante años"
"Caso Carlos Fabra","https://www.casos-aislados.com/Caso-Aislado.php?Caso=Caso Carlos Fabra&numero=65","PP","Comunidad Valenciana","967000 €","-2","1999","Cerrado con condenas"
"Caso Carmelitas","https://www.casos-aislados.com/Caso-Aislado.php?Caso=Caso Carmelitas&numero=190","PP","Comunidad Valenciana","49000 €","2","1993","Cerrado con condenas"
"Caso Carreteras","https://www.casos-aislados.com/Caso-Aislado.php?Caso=Caso Carreteras&numero=278","CC","Canarias","2000000 €","1","2012","Abierto"
"Caso Cártel del fuego","https://www.casos-aislados.com/Caso-Aislado.php?Caso=Caso Cártel del fuego&numero=289","PP","Comunidad Valenciana","100000000 €","26","2017","Abierto"
"Caso Casa del Rocío","https://www.casos-aislados.com/Caso-Aislado.php?Caso=Caso Casa del Rocío&numero=309","PA","Andalucía","446098 €","8","2006","Cerrado con condenas"
"Caso Casalarreina","https://www.casos-aislados.com/Caso-Aislado.php?Caso=Caso Casalarreina&numero=390","PP","La Rioja","2000 €","1","1995","Cerrado con condenas"
"Caso Casinos","https://www.casos-aislados.com/Caso-Aislado.php?Caso=Caso Casinos&numero=172","CiU","Cataluña","0 €","0","2000","Archivado Definitivamente"
"Caso Castor","https://www.casos-aislados.com/Caso-Aislado.php?Caso=Caso Castor&numero=296","PP","Comunidad de Madrid","1700000000 €","20","2007","Abierto"
"Caso CatalunyaCaixa","https://www.casos-aislados.com/Caso-Aislado.php?Caso=Caso CatalunyaCaixa&numero=392","Bancos","Cataluña","720000000 €","15","2000","Abierto"
"Caso Catis","https://www.casos-aislados.com/Caso-Aislado.php?Caso=Caso Catis&numero=192","PP","Canarias","0 €","2","2010","Archivado"
"Caso Cazorla","https://www.casos-aislados.com/Caso-Aislado.php?Caso=Caso Cazorla&numero=218","Cs","Andalucía","2190 €","1",,
"Caso CCM","https://www.casos-aislados.com/Caso-Aislado.php?Caso=Caso CCM&numero=107","Cajas de Ahorros","Castilla La Mancha","0 €","9","2009","Cerrado con condenas"
"Caso CDEIB","https://www.casos-aislados.com/Caso-Aislado.php?Caso=Caso CDEIB&numero=89","PP","Baleares","5000000 €","4","2008","Cerrado con condenas"
"Caso CEC/CERVIAL","https://www.casos-aislados.com/Caso-Aislado.php?Caso=Caso CEC/CERVIAL&numero=429","Empresas","Comunidad Valenciana","1800000 €","2","2008","Abierto"
"Caso Ceivam","https://www.casos-aislados.com/Caso-Aislado.php?Caso=Caso Ceivam&numero=384","PP","Galicia","40000 €","10","1999","Abierto"
"Caso Cendán","https://www.casos-aislados.com/Caso-Aislado.php?Caso=Caso Cendán&numero=393","PP","Galicia","0 €","1","2003","Cerrado con condenas"
"Caso Centeno","https://www.casos-aislados.com/Caso-Aislado.php?Caso=Caso Centeno&numero=286","PP","Castilla y León","11504 €","1","2007","Abierto"
"Caso Cerrú","https://www.casos-aislados.com/Caso-Aislado.php?Caso=Caso Cerrú&numero=615","PSOE","Castilla La Mancha","2279071 €","15","2009","Abierto"
"Caso Chocrón","https://www.casos-aislados.com/Caso-Aislado.php?Caso=Caso Chocrón&numero=191","PP","Melilla","0 €","1",,"Archivado Definitivamente"
"Caso CIBIC","https://www.casos-aislados.com/Caso-Aislado.php?Caso=Caso CIBIC&numero=534","PSOE","Andalucía","11500000 €","2","2011","Cerrado con condenas"
"Caso Ciempozuelos","https://www.casos-aislados.com/Caso-Aislado.php?Caso=Caso Ciempozuelos&numero=333","PSOE","Comunidad de Madrid","917500 €","2","2005","Cerrado con condenas"
"Caso Citur","https://www.casos-aislados.com/Caso-Aislado.php?Caso=Caso Citur&numero=542","PP","Baleares","500000 €","14","2011","Abierto"
"Caso Clepsidra","https://www.casos-aislados.com/Caso-Aislado.php?Caso=Caso Clepsidra&numero=627","PP","Comunidad Valenciana","17410 €","2","2010","Cerrado con condenas"
"Caso Clotilde","https://www.casos-aislados.com/Caso-Aislado.php?Caso=Caso Clotilde&numero=14","CiU","Cataluña","133754 €","3",,"Cerrado con condenas"
"Caso Colmenar Viejo","https://www.casos-aislados.com/Caso-Aislado.php?Caso=Caso Colmenar Viejo&numero=379","PP","Comunidad de Madrid","0 €","11","2006","Abierto"
"Caso Colmenar Viejo II","https://www.casos-aislados.com/Caso-Aislado.php?Caso=Caso Colmenar Viejo II&numero=380","PP","Comunidad de Madrid","0 €","5","2006","Abierto"
"Caso Comercio","https://www.casos-aislados.com/Caso-Aislado.php?Caso=Caso Comercio&numero=336","PSOE","Comunidad Valenciana","190000 €","3","2016","Abierto"
"Caso Comfort Letter","https://www.casos-aislados.com/Caso-Aislado.php?Caso=Caso Comfort Letter&numero=307","PP","Castilla y León","670000000 €","3","2008","Abierto"
"Caso Concursos Adif","https://www.casos-aislados.com/Caso-Aislado.php?Caso=Caso Concursos Adif&numero=616","Empresas","Nacional","118000000 €","29","2008","Cerrado con condenas"
"Caso Conde Roa","https://www.casos-aislados.com/Caso-Aislado.php?Caso=Caso Conde Roa&numero=58","PP","Galicia","291000 €","1","2011","Cerrado con condenas"
"Caso Confederación Empresarios Galicia","https://www.casos-aislados.com/Caso-Aislado.php?Caso=Caso Confederación Empresarios Galicia&numero=669","Empresas","Galicia","6300000 €","7","2000","Abierto"
"Caso Contenedores","https://www.casos-aislados.com/Caso-Aislado.php?Caso=Caso Contenedores&numero=338","PSOE","Andalucía","175000 €","1","2009","Abierto"
"Caso Contratos Granada","https://www.casos-aislados.com/Caso-Aislado.php?Caso=Caso Contratos Granada&numero=533","PSOE","Andalucía","0 €","2","2010","Abierto"
"Caso Contratos Mallorca","https://www.casos-aislados.com/Caso-Aislado.php?Caso=Caso Contratos Mallorca&numero=532","MES","Baleares","125000 €","5",,"Abierto"
"Caso Contratos Marbella","https://www.casos-aislados.com/Caso-Aislado.php?Caso=Caso Contratos Marbella&numero=617","PP","Andalucía","300000 €","0","2009","Abierto"
"CASO COOPERACIÓN/PIEZA 1","https://www.casos-aislados.com/Caso-Aislado.php?Caso=CASO COOPERACIÓN/PIEZA 1&numero=540","PP","Comunidad Valenciana","1700000 €","9","2008","Cerrado con condenas"
"Caso Cooperación/Pieza 4","https://www.casos-aislados.com/Caso-Aislado.php?Caso=Caso Cooperación/Pieza 4&numero=640","Empresas","Comunidad Valenciana","0 €","0",,"Archivado"
"Caso Cooperación/Pieza 5","https://www.casos-aislados.com/Caso-Aislado.php?Caso=Caso Cooperación/Pieza 5&numero=641","Empresas","Comunidad Valenciana","0 €","0",,"Abierto"
"Caso Cooperación/Piezas 2 y 3","https://www.casos-aislados.com/Caso-Aislado.php?Caso=Caso Cooperación/Piezas 2 y 3&numero=541","PP","Comunidad Valenciana","5035942 €","19","2009","Abierto"
"Caso Coristanco","https://www.casos-aislados.com/Caso-Aislado.php?Caso=Caso Coristanco&numero=353","PP","Galicia","0 €","4",,"Abierto"
"Caso Corredor","https://www.casos-aislados.com/Caso-Aislado.php?Caso=Caso Corredor&numero=268","Empresas","Canarias","4500000 €","17","2011","Abierto"
"Caso Costurero","https://www.casos-aislados.com/Caso-Aislado.php?Caso=Caso Costurero&numero=635","PA","Andalucía","0 €","8","2003","Cerrado con condenas"
"Caso Cs Espartinas","https://www.casos-aislados.com/Caso-Aislado.php?Caso=Caso Cs Espartinas&numero=219","Cs","Andalucía","0 €","1",,
"Caso Cs Logroño","https://www.casos-aislados.com/Caso-Aislado.php?Caso=Caso Cs Logroño&numero=284","Cs","La Rioja","8683 €","2","2016","Abierto"
"Caso Cuadro Picasso","https://www.casos-aislados.com/Caso-Aislado.php?Caso=Caso Cuadro Picasso&numero=331","Empresas","Comunidad de Madrid","0 €","1","2015","Abierto"
"Caso Cudillero","https://www.casos-aislados.com/Caso-Aislado.php?Caso=Caso Cudillero&numero=109","PSOE","Asturias","99000 €","2",,
"Caso Cuevas del Concejo","https://www.casos-aislados.com/Caso-Aislado.php?Caso=Caso Cuevas del Concejo&numero=395","PP","Comunidad de Madrid","30000000 €","2","2004","Abierto"
"Caso Cursach","https://www.casos-aislados.com/Caso-Aislado.php?Caso=Caso Cursach&numero=303","PP","Baleares","0 €","90","2014","Abierto"
"Caso Cursos Formación/Ángel Ojeda","https://www.casos-aislados.com/Caso-Aislado.php?Caso=Caso Cursos Formación/Ángel Ojeda&numero=556","PSOE","Andalucía","33309789 €","8",,"Abierto"
"Caso Cursos Formación/CIOMIJAS","https://www.casos-aislados.com/Caso-Aislado.php?Caso=Caso Cursos Formación/CIOMIJAS&numero=555","PSOE","Andalucía","3192855 €","7","2008","Abierto"
"Caso Cursos Formación/CTI","https://www.casos-aislados.com/Caso-Aislado.php?Caso=Caso Cursos Formación/CTI&numero=559","PSOE","Andalucía","0 €","0",,"Abierto"
"Caso Cursos Formación/FAFFE","https://www.casos-aislados.com/Caso-Aislado.php?Caso=Caso Cursos Formación/FAFFE&numero=561","PSOE","Andalucía","9465332 €","9",,"Abierto"
"Caso Cursos Formación/Formades","https://www.casos-aislados.com/Caso-Aislado.php?Caso=Caso Cursos Formación/Formades&numero=562","PSOE","Andalucía","1500000 €","12","2007","Abierto"
"Caso Cursos Formación/J.M. Pérez","https://www.casos-aislados.com/Caso-Aislado.php?Caso=Caso Cursos Formación/J.M. Pérez&numero=560","PSOE","Andalucía","1015000 €","0","2008","Sobreseimiento Provisional"
"Caso Cursos Formación/Rafael Velasco","https://www.casos-aislados.com/Caso-Aislado.php?Caso=Caso Cursos Formación/Rafael Velasco&numero=558","PSOE","Andalucía","730000 €","3","2008","Abierto"
"Caso de la Ciudad del Golf","https://www.casos-aislados.com/Caso-Aislado.php?Caso=Caso de la Ciudad del Golf&numero=61","PP","Castilla y León","0 €","0",,"Archivado Definitivamente"
"Caso de la Construcción","https://www.casos-aislados.com/Caso-Aislado.php?Caso=Caso de la Construcción&numero=59","PP","Castilla y León","0 €","3","1992","Cerrado con condenas"
"Caso de las Ratas","https://www.casos-aislados.com/Caso-Aislado.php?Caso=Caso de las Ratas&numero=544","PP","Baleares","288513 €","5","2005","Cerrado con condenas"
"Caso de los Avales","https://www.casos-aislados.com/Caso-Aislado.php?Caso=Caso de los Avales&numero=164","PSOE","Andalucía","73330000 €","4",,
"Caso de los Espías","https://www.casos-aislados.com/Caso-Aislado.php?Caso=Caso de los Espías&numero=530","PP","Comunidad de Madrid","0 €","6","2008","Archivado"
"Caso De Santos","https://www.casos-aislados.com/Caso-Aislado.php?Caso=Caso De Santos&numero=193","PP","Baleares","50000 €","1","2007","Cerrado con condenas"
"Caso Defex","https://www.casos-aislados.com/Caso-Aislado.php?Caso=Caso Defex&numero=415","Empresas Públicas","Nacional","0 €","0","2008","Abierto"
"Caso Defex/Angola","https://www.casos-aislados.com/Caso-Aislado.php?Caso=Caso Defex/Angola&numero=548","Empresas Públicas","Nacional","41000000 €","13","2008","Abierto"
"Caso Defex/Camerún","https://www.casos-aislados.com/Caso-Aislado.php?Caso=Caso Defex/Camerún&numero=608","Empresas Públicas","Nacional","0 €","6",,"Abierto"
"Caso Defex/Egipto","https://www.casos-aislados.com/Caso-Aislado.php?Caso=Caso Defex/Egipto&numero=549","Empresas Públicas","Nacional","5900000 €","2","2010","Abierto"
"Caso del Lino","https://www.casos-aislados.com/Caso-Aislado.php?Caso=Caso del Lino&numero=62","Empresas","Castilla La Mancha","134000000 €","18","1999","Archivado Definitivamente"
"Caso Denokinn","https://www.casos-aislados.com/Caso-Aislado.php?Caso=Caso Denokinn&numero=306","PNV","País Vasco","125000 €","2","2010","Abierto"
"Caso Deportes Crevillente","https://www.casos-aislados.com/Caso-Aislado.php?Caso=Caso Deportes Crevillente&numero=622","PP","Comunidad Valenciana","0 €","11","2013","Abierto"
"Caso Depuradora Borriol","https://www.casos-aislados.com/Caso-Aislado.php?Caso=Caso Depuradora Borriol&numero=365","PP","Comunidad Valenciana","0 €","1","2007","Cerrado con condenas"
"Caso Depuradora de Húmera","https://www.casos-aislados.com/Caso-Aislado.php?Caso=Caso Depuradora de Húmera&numero=418","PP","Comunidad de Madrid","0 €","9","2005","Sobreseimiento Provisional"
"Caso Depuradora Pinedo","https://www.casos-aislados.com/Caso-Aislado.php?Caso=Caso Depuradora Pinedo&numero=578","PP","Comunidad Valenciana","20490817 €","5","2004","Cerrado con condenas"
"Caso Desguaces La Torre","https://www.casos-aislados.com/Caso-Aislado.php?Caso=Caso Desguaces La Torre&numero=545","PP","Comunidad de Madrid","0 €","2","2011","Abierto"
"Caso Despacho Montoro","https://www.casos-aislados.com/Caso-Aislado.php?Caso=Caso Despacho Montoro&numero=297","PP","Comunidad de Madrid","91000 €","7","2012","Abierto"
"Caso Divalterra","https://www.casos-aislados.com/Caso-Aislado.php?Caso=Caso Divalterra&numero=463","PSOE","Comunidad Valenciana","0 €","6","2015","Abierto"
"Caso Dolores Reyes","https://www.casos-aislados.com/Caso-Aislado.php?Caso=Caso Dolores Reyes&numero=111","PSOE","Andalucía","0 €","0",,
"Caso DV4","https://www.casos-aislados.com/Caso-Aislado.php?Caso=Caso DV4&numero=611","PP","Comunidad Valenciana","0 €","4",,"Abierto"
"Caso Edu/El Paraíso","https://www.casos-aislados.com/Caso-Aislado.php?Caso=Caso Edu/El Paraíso&numero=487","PSOE","Andalucía","0 €","1",,"Abierto"
"Caso Edu/Huelva","https://www.casos-aislados.com/Caso-Aislado.php?Caso=Caso Edu/Huelva&numero=161","PSOE","Andalucía","12000000 €","0","2009","Archivado"
"Caso Egüés","https://www.casos-aislados.com/Caso-Aislado.php?Caso=Caso Egüés&numero=158","UPN","Navarra","0 €","0","2003","Archivado"
"Caso Eivissa Crea","https://www.casos-aislados.com/Caso-Aislado.php?Caso=Caso Eivissa Crea&numero=568","PSOE","Baleares","0 €","2","2009","Abierto"
"Caso Eivissa Crea/Iglesia","https://www.casos-aislados.com/Caso-Aislado.php?Caso=Caso Eivissa Crea/Iglesia&numero=569","PSOE","Baleares","130000 €","3","2008","Abierto"
"Caso El Carabassí","https://www.casos-aislados.com/Caso-Aislado.php?Caso=Caso El Carabassí&numero=328","PP","Comunidad Valenciana","0 €","4","2008","Abierto"
"Caso El Musel/A ver la ballena","https://www.casos-aislados.com/Caso-Aislado.php?Caso=Caso El Musel/A ver la ballena&numero=552","Empresas Públicas","Asturias","901917 €","4","2004","Abierto"
"Caso El Musel/Pieza principal","https://www.casos-aislados.com/Caso-Aislado.php?Caso=Caso El Musel/Pieza principal&numero=551","Empresas Públicas","Asturias","198000000 €","24",,"Abierto"
"Caso El Roblecillo","https://www.casos-aislados.com/Caso-Aislado.php?Caso=Caso El Roblecillo&numero=198","PP","Región de Murcia","0 €","30","2004","Sobreseimiento Provisional"
"Caso El Trompo","https://www.casos-aislados.com/Caso-Aislado.php?Caso=Caso El Trompo&numero=8","CC","Canarias","0 €","3","2002","Cerrado con condenas"
"Caso Elorza","https://www.casos-aislados.com/Caso-Aislado.php?Caso=Caso Elorza&numero=419","PNV","País Vasco","52000 €","2","2013","Abierto"
"Caso Emarsa","https://www.casos-aislados.com/Caso-Aislado.php?Caso=Caso Emarsa&numero=64","PP","Comunidad Valenciana","23500000 €","24","2011","Cerrado con condenas"
"Caso Emperador","https://www.casos-aislados.com/Caso-Aislado.php?Caso=Caso Emperador&numero=112","Empresas","Comunidad de Madrid","1200000000 €","15","2007","Abierto"
"Caso Emucesa","https://www.casos-aislados.com/Caso-Aislado.php?Caso=Caso Emucesa&numero=456","PP","Andalucía","335695 €","9","2011","Abierto"
"Caso Emusvil","https://www.casos-aislados.com/Caso-Aislado.php?Caso=Caso Emusvil&numero=347","PP","Andalucía","0 €","3","2009","Abierto"
"Caso Emvicesa","https://www.casos-aislados.com/Caso-Aislado.php?Caso=Caso Emvicesa&numero=428","PP","Ceuta","0 €","60","2011","Abierto"
"Caso EMVS","https://www.casos-aislados.com/Caso-Aislado.php?Caso=Caso EMVS&numero=565","PP","Comunidad de Madrid","25700000 €","8","2013","Cerrado con condenas"
"Caso EMVS II","https://www.casos-aislados.com/Caso-Aislado.php?Caso=Caso EMVS II&numero=657","PP","Comunidad de Madrid","0 €","2","2013","Abierto"
"Caso Enchufes Vigo","https://www.casos-aislados.com/Caso-Aislado.php?Caso=Caso Enchufes Vigo&numero=408","PSOE","Galicia","108000 €","2","2008","Abierto"
"Caso Enredadera","https://www.casos-aislados.com/Caso-Aislado.php?Caso=Caso Enredadera&numero=472","PP-PSOE-CS","Nacional","0 €","49","2012","Abierto"
"Caso Eólica Valladolid","https://www.casos-aislados.com/Caso-Aislado.php?Caso=Caso Eólica Valladolid&numero=183","PP","Castilla y León","80000000 €","21","2014","Abierto"
"Caso Eólico","https://www.casos-aislados.com/Caso-Aislado.php?Caso=Caso Eólico&numero=206","PP","Canarias","0 €","6","2004","Cerrado con condenas"
"Caso Epsilon","https://www.casos-aislados.com/Caso-Aislado.php?Caso=Caso Epsilon&numero=35","PNV","País Vasco","50000000 €","0","2012",
"Caso ERE","https://www.casos-aislados.com/Caso-Aislado.php?Caso=Caso ERE&numero=110","PSOE","Andalucía","0 €","279","2011","Abierto"
"Caso ERE/A-NOVO","https://www.casos-aislados.com/Caso-Aislado.php?Caso=Caso ERE/A-NOVO&numero=491","PSOE","Andalucía","5345211 €","10","2005","Abierto"
"Caso ERE/Acyco","https://www.casos-aislados.com/Caso-Aislado.php?Caso=Caso ERE/Acyco&numero=488","PSOE","Andalucía","3200000 €","8","2003","Abierto"
"Caso ERE/Aglomerados Morell","https://www.casos-aislados.com/Caso-Aislado.php?Caso=Caso ERE/Aglomerados Morell&numero=512","PSOE","Andalucía","440000 €","11",,"Abierto"
"Caso ERE/Alcolea del Río","https://www.casos-aislados.com/Caso-Aislado.php?Caso=Caso ERE/Alcolea del Río&numero=506","PSOE","Andalucía","120000 €","3","2003","Abierto"
"Caso ERE/Ayuntamiento San Nicolás","https://www.casos-aislados.com/Caso-Aislado.php?Caso=Caso ERE/Ayuntamiento San Nicolás&numero=501","PSOE","Andalucía","871466 €","1","2003","Abierto"
"Caso ERE/CENFORPRE","https://www.casos-aislados.com/Caso-Aislado.php?Caso=Caso ERE/CENFORPRE&numero=490","PSOE","Andalucía","491424 €","3","2007","Abierto"
"Caso ERE/Cetro Aceitunas","https://www.casos-aislados.com/Caso-Aislado.php?Caso=Caso ERE/Cetro Aceitunas&numero=498","PSOE","Andalucía","358015 €","1","2009","Abierto"
"Caso ERE/Egmasa","https://www.casos-aislados.com/Caso-Aislado.php?Caso=Caso ERE/Egmasa&numero=513","PSOE","Andalucía","21670000 €","12","2003","Abierto"
"Caso ERE/Empresa ABB","https://www.casos-aislados.com/Caso-Aislado.php?Caso=Caso ERE/Empresa ABB&numero=497","PSOE","Andalucía","360000 €","2","2004","Abierto"
"Caso ERE/Franja Pirítica","https://www.casos-aislados.com/Caso-Aislado.php?Caso=Caso ERE/Franja Pirítica&numero=495","PSOE","Andalucía","34594664 €","19","2003","Abierto"
"Caso ERE/Fundación San Telmo","https://www.casos-aislados.com/Caso-Aislado.php?Caso=Caso ERE/Fundación San Telmo&numero=516","PSOE","Andalucía","1192000 €","2","2004","Abierto"
"Caso ERE/González Byass","https://www.casos-aislados.com/Caso-Aislado.php?Caso=Caso ERE/González Byass&numero=521","PSOE","Andalucía","709450 €","4","2008","Abierto"
"Caso ERE/Guerrero y Trujillo","https://www.casos-aislados.com/Caso-Aislado.php?Caso=Caso ERE/Guerrero y Trujillo&numero=520","PSOE","Andalucía","1400000 €","4","2004","Abierto"
"Caso ERE/Hamsa Primayor","https://www.casos-aislados.com/Caso-Aislado.php?Caso=Caso ERE/Hamsa Primayor&numero=492","PSOE","Andalucía","2800000 €","14","2009","Abierto"
"Caso ERE/Heineken España","https://www.casos-aislados.com/Caso-Aislado.php?Caso=Caso ERE/Heineken España&numero=518","PSOE","Andalucía","22572732 €","7","2005","Abierto"
"Caso ERE/Hotel Cervantes","https://www.casos-aislados.com/Caso-Aislado.php?Caso=Caso ERE/Hotel Cervantes&numero=509","PSOE","Andalucía","6485785 €","7",,"Abierto"
"Caso ERE/Instaladora Moderna","https://www.casos-aislados.com/Caso-Aislado.php?Caso=Caso ERE/Instaladora Moderna&numero=515","PSOE","Andalucía","584486 €","19","2010","Abierto"
"Caso ERE/Intersur","https://www.casos-aislados.com/Caso-Aislado.php?Caso=Caso ERE/Intersur&numero=522","PSOE","Andalucía","301603 €","3","2003","Abierto"
"Caso ERE/Mac Puar","https://www.casos-aislados.com/Caso-Aislado.php?Caso=Caso ERE/Mac Puar&numero=508","PSOE","Andalucía","4290000 €","9","2002","Abierto"
"Caso ERE/Matadero Fuenteobejuna","https://www.casos-aislados.com/Caso-Aislado.php?Caso=Caso ERE/Matadero Fuenteobejuna&numero=505","PSOE","Andalucía","2500000 €","8","2002","Abierto"
"Caso ERE/Nexprom","https://www.casos-aislados.com/Caso-Aislado.php?Caso=Caso ERE/Nexprom&numero=499","PSOE","Andalucía","8300000 €","3","2004","Abierto"
"Caso ERE/Peninsular del Latón","https://www.casos-aislados.com/Caso-Aislado.php?Caso=Caso ERE/Peninsular del Latón&numero=496","PSOE","Andalucía","1273976 €","1","2009","Abierto"
"Caso ERE/Pickman La Cartuja","https://www.casos-aislados.com/Caso-Aislado.php?Caso=Caso ERE/Pickman La Cartuja&numero=557","PSOE","Andalucía","8800000 €","6","2003","Abierto"
"Caso ERE/Pieza Política","https://www.casos-aislados.com/Caso-Aislado.php?Caso=Caso ERE/Pieza Política&numero=486","PSOE","Andalucía","680000000 €","21","2000","Abierto"
"Caso ERE/Promi","https://www.casos-aislados.com/Caso-Aislado.php?Caso=Caso ERE/Promi&numero=502","PSOE","Andalucía","6823781 €","2",,"Abierto"
"Caso ERE/Río Grande","https://www.casos-aislados.com/Caso-Aislado.php?Caso=Caso ERE/Río Grande&numero=504","PSOE","Andalucía","1300000 €","5","2005","Abierto"
"Caso ERE/Santana Motor","https://www.casos-aislados.com/Caso-Aislado.php?Caso=Caso ERE/Santana Motor&numero=514","PSOE","Andalucía","98116353 €","8","2001","Abierto"
"Caso ERE/Siemens Metering","https://www.casos-aislados.com/Caso-Aislado.php?Caso=Caso ERE/Siemens Metering&numero=519","PSOE","Andalucía","1672005 €","5","2002","Abierto"
"Caso ERE/Sierra Norte de Sevilla","https://www.casos-aislados.com/Caso-Aislado.php?Caso=Caso ERE/Sierra Norte de Sevilla&numero=500","PSOE","Andalucía","34000000 €","45",,"Abierto"
"Caso ERE/SK 3000","https://www.casos-aislados.com/Caso-Aislado.php?Caso=Caso ERE/SK 3000&numero=507","PSOE","Andalucía","2378592 €","7","2008","Abierto"
"Caso ERE/Sobrecomisiones","https://www.casos-aislados.com/Caso-Aislado.php?Caso=Caso ERE/Sobrecomisiones&numero=494","PSOE","Andalucía","66000000 €","22","2000","Abierto"
"Caso ERE/Surcolor","https://www.casos-aislados.com/Caso-Aislado.php?Caso=Caso ERE/Surcolor&numero=489","PSOE","Andalucía","2300000 €","16","2006","Abierto"
"Caso ERE/Ubago Group Mare","https://www.casos-aislados.com/Caso-Aislado.php?Caso=Caso ERE/Ubago Group Mare&numero=517","PSOE","Andalucía","60000 €","5","2009","Abierto"
"Caso ERE/Universidad de Sevilla","https://www.casos-aislados.com/Caso-Aislado.php?Caso=Caso ERE/Universidad de Sevilla&numero=511","PSOE","Andalucía","30000 €","6","2007","Abierto"
"Caso ERE/Yogures Andaluces","https://www.casos-aislados.com/Caso-Aislado.php?Caso=Caso ERE/Yogures Andaluces&numero=510","PSOE","Andalucía","6300000 €","7","2001","Abierto"
"Caso Erial","https://www.casos-aislados.com/Caso-Aislado.php?Caso=Caso Erial&numero=446","PP","Comunidad Valenciana","10500000 €","13","2005","Abierto"
"Caso Escorratel","https://www.casos-aislados.com/Caso-Aislado.php?Caso=Caso Escorratel&numero=381","PP","Comunidad Valenciana","0 €","2","2008","Cerrado con condenas"
"Caso Estación Autobuses","https://www.casos-aislados.com/Caso-Aislado.php?Caso=Caso Estación Autobuses&numero=317","PA","Andalucía","1695000 €","7","2004","Cerrado con condenas"
"Caso Esther Merino","https://www.casos-aislados.com/Caso-Aislado.php?Caso=Caso Esther Merino&numero=632","PP","Cantabria","1600000 €","1","2013","Abierto"
"Caso Facturas Baena","https://www.casos-aislados.com/Caso-Aislado.php?Caso=Caso Facturas Baena&numero=315","PSOE","Andalucía","24549 €","3","2005","Cerrado con condenas"
"Caso Faycán","https://www.casos-aislados.com/Caso-Aislado.php?Caso=Caso Faycán&numero=66","PP","Canarias","9000000 €","28","2007","Abierto"
"Caso Fernández de la Cueva","https://www.casos-aislados.com/Caso-Aislado.php?Caso=Caso Fernández de la Cueva&numero=403","PP","Castilla La Mancha","0 €","2","2013","Abierto"
"Caso Feval","https://www.casos-aislados.com/Caso-Aislado.php?Caso=Caso Feval&numero=114","PSOE","Extremadura","202000 €","3","2009","Cerrado con condenas"
"Caso Filesa","https://www.casos-aislados.com/Caso-Aislado.php?Caso=Caso Filesa&numero=115","PSOE","Nacional","14850000 €","8","1990",
"Caso Fitonovo","https://www.casos-aislados.com/Caso-Aislado.php?Caso=Caso Fitonovo&numero=101","PP","Nacional","4300000 €","66","1995","Abierto"
"Caso Flick","https://www.casos-aislados.com/Caso-Aislado.php?Caso=Caso Flick&numero=116","PSOE","Nacional","3300000 €","0","1981",
"Caso Flotador/Aigües Sagunt","https://www.casos-aislados.com/Caso-Aislado.php?Caso=Caso Flotador/Aigües Sagunt&numero=579","PP","Comunidad Valenciana","24000000 €","8","2009","Abierto"
"Caso Flotador/Uniformes","https://www.casos-aislados.com/Caso-Aislado.php?Caso=Caso Flotador/Uniformes&numero=245","PSOE","Comunidad Valenciana","12000 €","12","2007","Abierto"
"Caso Fondos Jeremie","https://www.casos-aislados.com/Caso-Aislado.php?Caso=Caso Fondos Jeremie&numero=165","PSOE","Andalucía","185000000 €","185","2014","Abierto"
"Caso Forcem","https://www.casos-aislados.com/Caso-Aislado.php?Caso=Caso Forcem&numero=173","Sindicatos","Nacional","1392708 €","0","2003",
"Caso Fraude Licores","https://www.casos-aislados.com/Caso-Aislado.php?Caso=Caso Fraude Licores&numero=450","Empresas","Castilla y León","11548279 €","4","2006","Cerrado con condenas"
"Caso Fraude TGSS/Galicia","https://www.casos-aislados.com/Caso-Aislado.php?Caso=Caso Fraude TGSS/Galicia&numero=300","Empresas","Galicia","3000000 €","12","2017","Abierto"
"Caso Fraude TGSS/Nacional","https://www.casos-aislados.com/Caso-Aislado.php?Caso=Caso Fraude TGSS/Nacional&numero=618","Empresas","Nacional","27500000 €","33",,"Abierto"
"Caso Fundación Catalunya i Territori","https://www.casos-aislados.com/Caso-Aislado.php?Caso=Caso Fundación Catalunya i Territori&numero=147","CiU","Cataluña","178000 €","5","2009","Cerrado con condenas"
"Caso Fundación Cela","https://www.casos-aislados.com/Caso-Aislado.php?Caso=Caso Fundación Cela&numero=288","Asociaciones y Fundaciones","Galicia","150000 €","4","2010","Abierto"
"Caso Fundación Guadalquivir","https://www.casos-aislados.com/Caso-Aislado.php?Caso=Caso Fundación Guadalquivir&numero=394","Asociaciones y Fundaciones","Andalucía","104000 €","4","2015","Abierto"
"Caso Funeraria Madrid","https://www.casos-aislados.com/Caso-Aislado.php?Caso=Caso Funeraria Madrid&numero=67","PP","Comunidad de Madrid","7400000 €","6","1992","Cerrado con condenas"
"Caso Glass Costa","https://www.casos-aislados.com/Caso-Aislado.php?Caso=Caso Glass Costa&numero=412","PNV","País Vasco","1400000 €","2","2001","Abierto"
"Caso Góndola","https://www.casos-aislados.com/Caso-Aislado.php?Caso=Caso Góndola&numero=253","PP","Canarias","2000000 €","14","2003","Abierto"
"Caso Gondomar","https://www.casos-aislados.com/Caso-Aislado.php?Caso=Caso Gondomar&numero=391","PP","Galicia","0 €","6","2005","Cerrado con condenas"
"Caso Góngora","https://www.casos-aislados.com/Caso-Aislado.php?Caso=Caso Góngora&numero=299","PP","Andalucía","296072 €","4","2004","Abierto"
"Caso Gonzalo Riancho","https://www.casos-aislados.com/Caso-Aislado.php?Caso=Caso Gonzalo Riancho&numero=421","EA","País Vasco","65400 €","1","2010","Cerrado con condenas"
"Caso Gran Alacant","https://www.casos-aislados.com/Caso-Aislado.php?Caso=Caso Gran Alacant&numero=404","PP","Comunidad Valenciana","109000 €","6","2007","Abierto"
"Caso Grandas de Salime","https://www.casos-aislados.com/Caso-Aislado.php?Caso=Caso Grandas de Salime&numero=117","PSOE","Asturias","60000 €","1","2009","Abierto"
"Caso Grúas La Laguna","https://www.casos-aislados.com/Caso-Aislado.php?Caso=Caso Grúas La Laguna&numero=609","CC","Canarias","120000 €","8","2014","Abierto"
"Caso Guateque","https://www.casos-aislados.com/Caso-Aislado.php?Caso=Caso Guateque&numero=68","PP","Comunidad de Madrid","0 €","34","2007","Archivado"
"Caso Guerra","https://www.casos-aislados.com/Caso-Aislado.php?Caso=Caso Guerra&numero=118","PSOE","Andalucía","253637 €","0","1995",
"Caso Guerra 21","https://www.casos-aislados.com/Caso-Aislado.php?Caso=Caso Guerra 21&numero=405","PP","Andalucía","800000 €","7","2009","Abierto"
"Caso Gürtel","https://www.casos-aislados.com/Caso-Aislado.php?Caso=Caso Gürtel&numero=69","PP","Nacional","201400000 €","175","2007","Abierto"
"Caso Gürtel/AENA","https://www.casos-aislados.com/Caso-Aislado.php?Caso=Caso Gürtel/AENA&numero=462","Empresas Públicas","Nacional","0 €","4","2000","Abierto"
"Caso Gürtel/Arganda","https://www.casos-aislados.com/Caso-Aislado.php?Caso=Caso Gürtel/Arganda&numero=461","PP","Comunidad de Madrid","25000000 €","20","1998","Abierto"
"Caso Gürtel/Ayto. de Jerez","https://www.casos-aislados.com/Caso-Aislado.php?Caso=Caso Gürtel/Ayto. de Jerez&numero=464","PP","Andalucía","0 €","11","2004","Abierto"
"Caso Gürtel/Boadilla","https://www.casos-aislados.com/Caso-Aislado.php?Caso=Caso Gürtel/Boadilla&numero=460","PP","Comunidad de Madrid","0 €","28","2001","Abierto"
"Caso Gürtel/Caja B PP Valencia","https://www.casos-aislados.com/Caso-Aislado.php?Caso=Caso Gürtel/Caja B PP Valencia&numero=457","PP","Comunidad Valenciana","0 €","20","2007","Cerrado con condenas"
"Caso Gürtel/Contratos Valencia","https://www.casos-aislados.com/Caso-Aislado.php?Caso=Caso Gürtel/Contratos Valencia&numero=452","PP","Comunidad Valenciana","0 €","27","2004","Abierto"
"Caso Gürtel/Fitur","https://www.casos-aislados.com/Caso-Aislado.php?Caso=Caso Gürtel/Fitur&numero=458","PP","Comunidad Valenciana","0 €","14","2005","Cerrado con condenas"
"Caso Gürtel/Papeles Bárcenas","https://www.casos-aislados.com/Caso-Aislado.php?Caso=Caso Gürtel/Papeles Bárcenas&numero=465","PP","Comunidad de Madrid","0 €","7","2000","Abierto"
"Caso Gürtel/Primera Época","https://www.casos-aislados.com/Caso-Aislado.php?Caso=Caso Gürtel/Primera Época&numero=459","PP","Comunidad de Madrid","0 €","41","1989","Cerrado con condenas"
"Caso Gürtel/Visita del Papa","https://www.casos-aislados.com/Caso-Aislado.php?Caso=Caso Gürtel/Visita del Papa&numero=453","PP","Comunidad Valenciana","0 €","30","2006","Abierto"
"Caso Hacienda","https://www.casos-aislados.com/Caso-Aislado.php?Caso=Caso Hacienda&numero=194","PSOE","Cataluña","13000000 €","7","1995","Cerrado con condenas"
"Caso Hacienda de Irún","https://www.casos-aislados.com/Caso-Aislado.php?Caso=Caso Hacienda de Irún&numero=414","PNV","País Vasco","1500000 €","2","1990","Cerrado con condenas"
"Caso Hacienda Guipúzcoa","https://www.casos-aislados.com/Caso-Aislado.php?Caso=Caso Hacienda Guipúzcoa&numero=422","PNV","País Vasco","6400000 €","5","2009","Abierto"
"Caso Halsa","https://www.casos-aislados.com/Caso-Aislado.php?Caso=Caso Halsa&numero=668","PP","Andalucía","8500000 €","11",,"Abierto"
"Caso Harrag","https://www.casos-aislados.com/Caso-Aislado.php?Caso=Caso Harrag&numero=270","PSOE","Región de Murcia","40000 €","23","2012","Abierto"
"Caso Hidrogea","https://www.casos-aislados.com/Caso-Aislado.php?Caso=Caso Hidrogea&numero=410","PP","Región de Murcia","0 €","7","2005","Abierto"
"Caso Hiriko","https://www.casos-aislados.com/Caso-Aislado.php?Caso=Caso Hiriko&numero=209","PNV","País Vasco","535000 €","4","2012","Cerrado con condenas"
"Caso Horas Extras","https://www.casos-aislados.com/Caso-Aislado.php?Caso=Caso Horas Extras&numero=316","PP","Andalucía","42363 €","8","2004","Cerrado con condenas"
"Caso Hoyo de Manzanares","https://www.casos-aislados.com/Caso-Aislado.php?Caso=Caso Hoyo de Manzanares&numero=371","PP","Comunidad de Madrid","0 €","9","2015","Abierto"
"Caso Hulla","https://www.casos-aislados.com/Caso-Aislado.php?Caso=Caso Hulla&numero=550","Sindicatos","Asturias","1760000 €","15","2009","Abierto"
"Caso Ibiza Centre","https://www.casos-aislados.com/Caso-Aislado.php?Caso=Caso Ibiza Centre&numero=121","PSOE","Baleares","0 €","0",,"Archivado"
"Caso Idelpa","https://www.casos-aislados.com/Caso-Aislado.php?Caso=Caso Idelpa&numero=445","PSOE","Andalucía","80000 €","6",,"Abierto"
"Caso Imarol","https://www.casos-aislados.com/Caso-Aislado.php?Caso=Caso Imarol&numero=326","PP","Comunidad Valenciana","300000 €","2","2008","Cerrado con condenas"
"Caso Imelsa","https://www.casos-aislados.com/Caso-Aislado.php?Caso=Caso Imelsa&numero=10","PP","Comunidad Valenciana","100000000 €","130","2005","Abierto"
"Caso Indemnizaciones Novagalicia","https://www.casos-aislados.com/Caso-Aislado.php?Caso=Caso Indemnizaciones Novagalicia&numero=275","Cajas de Ahorros","Galicia","10000000 €","5","2010","Cerrado con condenas"
"CASO INESTUR/BANIF","https://www.casos-aislados.com/Caso-Aislado.php?Caso=CASO INESTUR/BANIF&numero=576","UM","Baleares","30871 €","3","2008","Cerrado con condenas"
"Caso Inestur/Cilma","https://www.casos-aislados.com/Caso-Aislado.php?Caso=Caso Inestur/Cilma&numero=587","UM","Baleares","200000 €","11","2007","Cerrado con condenas"
"CASO INESTUR/COINT","https://www.casos-aislados.com/Caso-Aislado.php?Caso=CASO INESTUR/COINT&numero=575","UM","Baleares","140000 €","5","2007","Cerrado con condenas"
"CASO INESTUR/CONTRATOS","https://www.casos-aislados.com/Caso-Aislado.php?Caso=CASO INESTUR/CONTRATOS&numero=573","PP","Baleares","50787 €","5",,"Cerrado con condenas"
"CASO INESTUR/IMET","https://www.casos-aislados.com/Caso-Aislado.php?Caso=CASO INESTUR/IMET&numero=577","UM","Baleares","15000 €","4","2008","Cerrado con condenas"
"Caso Inestur/Mario Morales","https://www.casos-aislados.com/Caso-Aislado.php?Caso=Caso Inestur/Mario Morales&numero=582","UM","Baleares","16516 €","2","2007","Cerrado con condenas"
"Caso Inestur/Martínez Cañamero","https://www.casos-aislados.com/Caso-Aislado.php?Caso=Caso Inestur/Martínez Cañamero&numero=581","UM","Baleares","32000 €","3","2007","Abierto"
"Caso Inestur/Marxant","https://www.casos-aislados.com/Caso-Aislado.php?Caso=Caso Inestur/Marxant&numero=583","UM","Baleares","360000 €","9","2008","Cerrado con condenas"
"Caso Inestur/Minser","https://www.casos-aislados.com/Caso-Aislado.php?Caso=Caso Inestur/Minser&numero=586","UM","Baleares","95000 €","5","2008","Cerrado con condenas"
"CASO INESTUR/PLOMER","https://www.casos-aislados.com/Caso-Aislado.php?Caso=CASO INESTUR/PLOMER&numero=574","UM","Baleares","13000 €","5","2008","Cerrado con condenas"
"Caso Inestur/Porreres","https://www.casos-aislados.com/Caso-Aislado.php?Caso=Caso Inestur/Porreres&numero=584","UM","Baleares","379200 €","3","2008","Abierto"
"Caso Inestur/Spa","https://www.casos-aislados.com/Caso-Aislado.php?Caso=Caso Inestur/Spa&numero=585","UM","Baleares","85000 €","6","2009","Abierto"
"Caso Infoca","https://www.casos-aislados.com/Caso-Aislado.php?Caso=Caso Infoca&numero=323","PSOE","Andalucía","70000000 €","6","2012","Abierto"
"Caso INIPRO","https://www.casos-aislados.com/Caso-Aislado.php?Caso=Caso INIPRO&numero=612","PSC","Cataluña","276157 €","16","2009","Abierto"
"Caso Innova Gandía","https://www.casos-aislados.com/Caso-Aislado.php?Caso=Caso Innova Gandía&numero=620","PP-PSOE","Comunidad Valenciana","6000000 €","3","2008","Sobreseimiento Provisional"
"Caso Innova/Shirota","https://www.casos-aislados.com/Caso-Aislado.php?Caso=Caso Innova/Shirota&numero=19","ERC-ICV-PSC","Cataluña","3000000 €","50",,
"Caso Interligare","https://www.casos-aislados.com/Caso-Aislado.php?Caso=Caso Interligare&numero=123","PSOE","Comunidad de Madrid","4000000 €","0","2011","Archivado"
"Caso Invercaria/Aceitunas Tatis","https://www.casos-aislados.com/Caso-Aislado.php?Caso=Caso Invercaria/Aceitunas Tatis&numero=441","PSOE","Andalucía","100000 €","2","2009","Abierto"
"Caso Invercaria/Ándalus","https://www.casos-aislados.com/Caso-Aislado.php?Caso=Caso Invercaria/Ándalus&numero=438","PSOE","Andalucía","1800000 €","5","2008","Abierto"
"Caso Invercaria/EDM","https://www.casos-aislados.com/Caso-Aislado.php?Caso=Caso Invercaria/EDM&numero=432","PSOE","Andalucía","1180000 €","5","2008","Abierto"
"Caso Invercaria/FIVA","https://www.casos-aislados.com/Caso-Aislado.php?Caso=Caso Invercaria/FIVA&numero=442","PSOE","Andalucía","716000 €","12","2009","Abierto"
"Caso Invercaria/Fumapa","https://www.casos-aislados.com/Caso-Aislado.php?Caso=Caso Invercaria/Fumapa&numero=434","PSOE","Andalucía","359581 €","6","2008","Abierto"
"Caso Invercaria/J. Martín","https://www.casos-aislados.com/Caso-Aislado.php?Caso=Caso Invercaria/J. Martín&numero=440","PSOE","Andalucía","949749 €","4","2006","Abierto"
"Caso Invercaria/Kandor","https://www.casos-aislados.com/Caso-Aislado.php?Caso=Caso Invercaria/Kandor&numero=675","PSOE","Andalucía","1734485 €","4","2005","Abierto"
"Caso Invercaria/Keepfresh","https://www.casos-aislados.com/Caso-Aislado.php?Caso=Caso Invercaria/Keepfresh&numero=443","PSOE","Andalucía","2222600 €","7","2005","Abierto"
"Caso Invercaria/Lolita Canalla","https://www.casos-aislados.com/Caso-Aislado.php?Caso=Caso Invercaria/Lolita Canalla&numero=439","PSOE","Andalucía","100000 €","3","2009","Abierto"
"Caso Invercaria/Own Spa","https://www.casos-aislados.com/Caso-Aislado.php?Caso=Caso Invercaria/Own Spa&numero=433","PSOE","Andalucía","304000 €","3","2009","Abierto"
"Caso Invercaria/Servivation","https://www.casos-aislados.com/Caso-Aislado.php?Caso=Caso Invercaria/Servivation&numero=435","PSOE","Andalucía","1186000 €","6","2008","Abierto"
"Caso Isjoma","https://www.casos-aislados.com/Caso-Aislado.php?Caso=Caso Isjoma&numero=430","PP","Comunidad Valenciana","2400000 €","6","2003","Abierto"
"Caso Islas Airways","https://www.casos-aislados.com/Caso-Aislado.php?Caso=Caso Islas Airways&numero=431","Empresas","Canarias","7500000 €","4","2007","Abierto"
"Caso ITV","https://www.casos-aislados.com/Caso-Aislado.php?Caso=Caso ITV&numero=15","CDC","Cataluña","700000 €","6","2010","Cerrado con condenas"
"Caso IVAM","https://www.casos-aislados.com/Caso-Aislado.php?Caso=Caso IVAM&numero=320","PP","Comunidad Valenciana","3400000 €","11","2004","Abierto"
"Caso IVIMA","https://www.casos-aislados.com/Caso-Aislado.php?Caso=Caso IVIMA&numero=566","PP","Comunidad de Madrid","0 €","2","2013","Abierto"
"Caso Iznatoraf","https://www.casos-aislados.com/Caso-Aislado.php?Caso=Caso Iznatoraf&numero=624","PP","Andalucía","72000 €","1","2015",
"Caso J. Pérez/Oria","https://www.casos-aislados.com/Caso-Aislado.php?Caso=Caso J. Pérez/Oria&numero=444","PSOE","Andalucía","0 €","1","2007","Cerrado con condenas"
"Caso Jadraque","https://www.casos-aislados.com/Caso-Aislado.php?Caso=Caso Jadraque&numero=346","PP","Castilla La Mancha","0 €","3","2011","Archivado"
"Caso Kutxabank","https://www.casos-aislados.com/Caso-Aislado.php?Caso=Caso Kutxabank&numero=327","Cajas de Ahorros","País Vasco","247000 €","3","2012","Cerrado con condenas"
"Caso La Camocha","https://www.casos-aislados.com/Caso-Aislado.php?Caso=Caso La Camocha&numero=553","Empresas","Asturias","16164263 €","3","1998","Cerrado con condenas"
"Caso La Fabriquilla","https://www.casos-aislados.com/Caso-Aislado.php?Caso=Caso La Fabriquilla&numero=175","PP","Andalucía","0 €","7","2007","Archivado"
"Caso La Loma","https://www.casos-aislados.com/Caso-Aislado.php?Caso=Caso La Loma&numero=416","PRC","Cantabria","9400000 €","29",,"Abierto"
"Caso La Razón","https://www.casos-aislados.com/Caso-Aislado.php?Caso=Caso La Razón&numero=295","Empresas","Comunidad de Madrid","2000000 €","8","2015","Abierto"
"Caso La Sal","https://www.casos-aislados.com/Caso-Aislado.php?Caso=Caso La Sal&numero=249","PP","Región de Murcia","600000000 €","13","2006","Abierto"
"Caso Láminas Goya","https://www.casos-aislados.com/Caso-Aislado.php?Caso=Caso Láminas Goya&numero=337","PSOE","Andalucía","3250 €","2","2009","Abierto"
"Caso Lan Party","https://www.casos-aislados.com/Caso-Aislado.php?Caso=Caso Lan Party&numero=127","PSOE","Andalucía","16300 €","7","2010","Abierto"
"Caso Las Teresitas","https://www.casos-aislados.com/Caso-Aislado.php?Caso=Caso Las Teresitas&numero=9","CC","Canarias","50000000 €","10","2007","Cerrado con condenas"
"Caso Lezo","https://www.casos-aislados.com/Caso-Aislado.php?Caso=Caso Lezo&numero=160","PP","Comunidad de Madrid","23500000 €","57",,"Abierto"
"Caso Lezo/Blanqueo capitales","https://www.casos-aislados.com/Caso-Aislado.php?Caso=Caso Lezo/Blanqueo capitales&numero=469","PP","Comunidad de Madrid","0 €","24",,"Abierto"
"Caso Lezo/Canal Golf","https://www.casos-aislados.com/Caso-Aislado.php?Caso=Caso Lezo/Canal Golf&numero=467","PP","Comunidad de Madrid","0 €","8",,"Abierto"
"Caso Lezo/Financiación PP","https://www.casos-aislados.com/Caso-Aislado.php?Caso=Caso Lezo/Financiación PP&numero=471","PP","Comunidad de Madrid","0 €","5",,"Abierto"
"Caso Lezo/Inassa y Emissao","https://www.casos-aislados.com/Caso-Aislado.php?Caso=Caso Lezo/Inassa y Emissao&numero=466","PP","Comunidad de Madrid","0 €","53","2012","Abierto"
"Caso Lezo/Mercasa","https://www.casos-aislados.com/Caso-Aislado.php?Caso=Caso Lezo/Mercasa&numero=470","PP","Comunidad de Madrid","0 €","13",,"Abierto"
"Caso Lezo/Tren Navalcarnero","https://www.casos-aislados.com/Caso-Aislado.php?Caso=Caso Lezo/Tren Navalcarnero&numero=468","PP","Comunidad de Madrid","0 €","10",,"Abierto"
"Caso Líber","https://www.casos-aislados.com/Caso-Aislado.php?Caso=Caso Líber&numero=74","PP","Región de Murcia","0 €","0",,
"Caso Lifeblood","https://www.casos-aislados.com/Caso-Aislado.php?Caso=Caso Lifeblood&numero=75","Empresas","Canarias","0 €","0","2010","Archivado"
"Caso Limusa","https://www.casos-aislados.com/Caso-Aislado.php?Caso=Caso Limusa&numero=125","PSOE","Región de Murcia","2900000 €","14","2009","Abierto"
"Caso Los Bonales","https://www.casos-aislados.com/Caso-Aislado.php?Caso=Caso Los Bonales&numero=424","PP","Castilla La Mancha","0 €","1","2012","Cerrado con condenas"
"Caso Luciano Alonso","https://www.casos-aislados.com/Caso-Aislado.php?Caso=Caso Luciano Alonso&numero=126","PSOE","Andalucía","0 €","0",,"Absolucion"
"Caso Majestic","https://www.casos-aislados.com/Caso-Aislado.php?Caso=Caso Majestic&numero=314","IU","Andalucía","216364 €","4","2000","Cerrado con condenas"
"Caso Malaya","https://www.casos-aislados.com/Caso-Aislado.php?Caso=Caso Malaya&numero=156","UCOR","Andalucía","2600000000 €","29","2005","Abierto"
"Caso Maldonado","https://www.casos-aislados.com/Caso-Aislado.php?Caso=Caso Maldonado&numero=298","PP","Andalucía","321350 €","2","2005","Cerrado con condenas"
"Caso Mallén","https://www.casos-aislados.com/Caso-Aislado.php?Caso=Caso Mallén&numero=355","PSOE","Aragón","35554 €","2","2011","Cerrado con condenas"
"Caso Mamotreto","https://www.casos-aislados.com/Caso-Aislado.php?Caso=Caso Mamotreto&numero=243","CC","Canarias","540000 €","3","2014","Cerrado con condenas"
"Caso Manga","https://www.casos-aislados.com/Caso-Aislado.php?Caso=Caso Manga&numero=20","CiU-UCOR-ERC","Cataluña","30000 €","43",,
"Caso Maquillaje","https://www.casos-aislados.com/Caso-Aislado.php?Caso=Caso Maquillaje&numero=330","UM","Baleares","240000 €","7","2003","Cerrado con condenas"
"Caso Mar Blau","https://www.casos-aislados.com/Caso-Aislado.php?Caso=Caso Mar Blau&numero=527","PP-PSOE","Baleares","50000000 €","12","2005","Abierto"
"Caso Mar Menor Golf Resort","https://www.casos-aislados.com/Caso-Aislado.php?Caso=Caso Mar Menor Golf Resort&numero=409","PP","Región de Murcia","0 €","1","2007","Cerrado con condenas"
"Caso Maratón Santa Pola","https://www.casos-aislados.com/Caso-Aislado.php?Caso=Caso Maratón Santa Pola&numero=547","PSOE","Comunidad Valenciana","100000 €","2","2018","Abierto"
"Caso Marchelo","https://www.casos-aislados.com/Caso-Aislado.php?Caso=Caso Marchelo&numero=176","PP","Andalucía","27300000 €","16","2006","Abierto"
"Caso Margüello","https://www.casos-aislados.com/Caso-Aislado.php?Caso=Caso Margüello&numero=129","PNV","País Vasco","6800000 €","4","2006","Abierto"
"Caso María Casado","https://www.casos-aislados.com/Caso-Aislado.php?Caso=Caso María Casado&numero=546","PP","Comunidad de Madrid","0 €","1","2010","Cerrado con condenas"
"Caso Marismas","https://www.casos-aislados.com/Caso-Aislado.php?Caso=Caso Marismas&numero=524","PSOE","Andalucía","40100000 €","16","2004","Abierto"
"Caso Massamagrell","https://www.casos-aislados.com/Caso-Aislado.php?Caso=Caso Massamagrell&numero=629","PSOE","Comunidad Valenciana","0 €","2","2016","Abierto"
"Caso Máster","https://www.casos-aislados.com/Caso-Aislado.php?Caso=Caso Máster&numero=437","PP","Comunidad de Madrid","0 €","22","2011","Abierto"
"Caso Matinsreg","https://www.casos-aislados.com/Caso-Aislado.php?Caso=Caso Matinsreg&numero=447","PP","Andalucía","3600000 €","4","2011","Abierto"
"Caso Matsa","https://www.casos-aislados.com/Caso-Aislado.php?Caso=Caso Matsa&numero=130","Empresas","Andalucía","16000000 €","0","2009","Cerrado con condenas"
"Caso Medina del Campo","https://www.casos-aislados.com/Caso-Aislado.php?Caso=Caso Medina del Campo&numero=168","PP","Castilla y León","324531 €","3","2008","Cerrado con condenas"
"Caso Melide","https://www.casos-aislados.com/Caso-Aislado.php?Caso=Caso Melide&numero=358","BNG","Galicia","437354 €","2","2009","Cerrado con condenas"
"Caso Mercadillos","https://www.casos-aislados.com/Caso-Aislado.php?Caso=Caso Mercadillos&numero=342","PP","Canarias","0 €","1","2012","Abierto"
"Caso Mercamadrid","https://www.casos-aislados.com/Caso-Aislado.php?Caso=Caso Mercamadrid&numero=187","PP","Comunidad de Madrid","0 €","16","2013","Sobreseimiento Provisional"
"Caso Mercasevilla","https://www.casos-aislados.com/Caso-Aislado.php?Caso=Caso Mercasevilla&numero=597","PSOE","Andalucía","449000 €","14","2007","Abierto"
"Caso Mercasevilla/Escuela Hostelería","https://www.casos-aislados.com/Caso-Aislado.php?Caso=Caso Mercasevilla/Escuela Hostelería&numero=598","PSOE","Andalucía","0 €","2","2009","Cerrado con condenas"
"Caso Mercasevilla/Guardería","https://www.casos-aislados.com/Caso-Aislado.php?Caso=Caso Mercasevilla/Guardería&numero=599","PSOE","Andalucía","24000 €","1","2004","Abierto"
"Caso Mercurio","https://www.casos-aislados.com/Caso-Aislado.php?Caso=Caso Mercurio&numero=40","PSC","Cataluña","400000 €","11","2012","Abierto"
"Caso Metrored","https://www.casos-aislados.com/Caso-Aislado.php?Caso=Caso Metrored&numero=321","Empresas Públicas","Comunidad Valenciana","7700000 €","13","2005","Abierto"
"Caso Mijas","https://www.casos-aislados.com/Caso-Aislado.php?Caso=Caso Mijas&numero=349","PP","Andalucía","0 €","2","2016","Abierto"
"Caso Miñano","https://www.casos-aislados.com/Caso-Aislado.php?Caso=Caso Miñano&numero=207","PNV","País Vasco","16000000 €","26","2006","Abierto"
"Caso Minutas","https://www.casos-aislados.com/Caso-Aislado.php?Caso=Caso Minutas&numero=163","GIL","Andalucía","2700000 €","10",,
"Caso Mioño","https://www.casos-aislados.com/Caso-Aislado.php?Caso=Caso Mioño&numero=417","PRC","Cantabria","0 €","3","2004","Cerrado con condenas"
"Caso Miraflores","https://www.casos-aislados.com/Caso-Aislado.php?Caso=Caso Miraflores&numero=619","PSOE","Comunidad de Madrid","0 €","1","2007","Cerrado con condenas"
"Caso Mislata","https://www.casos-aislados.com/Caso-Aislado.php?Caso=Caso Mislata&numero=344","PP","Comunidad Valenciana","168830 €","2","2007","Abierto"
"Caso Molinos","https://www.casos-aislados.com/Caso-Aislado.php?Caso=Caso Molinos&numero=272","PAR","Aragón","16000000 €","29","2009","Cerrado con condenas"
"Caso Monroy","https://www.casos-aislados.com/Caso-Aislado.php?Caso=Caso Monroy&numero=293","PP","Extremadura","400000 €","1","2012","Abierto"
"Caso Montaña Roja","https://www.casos-aislados.com/Caso-Aislado.php?Caso=Caso Montaña Roja&numero=305","CC","Canarias","0 €","4","2014","Abierto"
"Caso Móviles","https://www.casos-aislados.com/Caso-Aislado.php?Caso=Caso Móviles&numero=672","Judicatura","Baleares","0 €","1","2016","Abierto"
"Caso Móviles Benigànim","https://www.casos-aislados.com/Caso-Aislado.php?Caso=Caso Móviles Benigànim&numero=311","PP","Comunidad Valenciana","9000 €","4","2013","Abierto"
"Caso Moyano Fabián","https://www.casos-aislados.com/Caso-Aislado.php?Caso=Caso Moyano Fabián&numero=594","Vox","Canarias","0 €","1",,"Abierto"
"Caso Naseiro","https://www.casos-aislados.com/Caso-Aislado.php?Caso=Caso Naseiro&numero=76","PP","Comunidad Valenciana","1120000 €","0","1989",
"Caso Navajas","https://www.casos-aislados.com/Caso-Aislado.php?Caso=Caso Navajas&numero=373","PP","Comunidad Valenciana","0 €","2","2006","Abierto"
"Caso Nazarí","https://www.casos-aislados.com/Caso-Aislado.php?Caso=Caso Nazarí&numero=241","PP","Andalucía","20000000 €","29","2001","Abierto"
"Caso Nelson Santos","https://www.casos-aislados.com/Caso-Aislado.php?Caso=Caso Nelson Santos&numero=402","PP","Galicia","1600000 €","2",,"Abierto"
"Caso Nerer","https://www.casos-aislados.com/Caso-Aislado.php?Caso=Caso Nerer&numero=543","PP","Baleares","2300000 €","17","2004","Abierto"
"Caso Nogueras","https://www.casos-aislados.com/Caso-Aislado.php?Caso=Caso Nogueras&numero=595","Vox","Andalucía","0 €","1","2015","Cerrado con condenas"
"Caso Nóos","https://www.casos-aislados.com/Caso-Aislado.php?Caso=Caso Nóos&numero=22","PP","Baleares","6100000 €","9","2010","Cerrado con condenas"
"Caso Noticias","https://www.casos-aislados.com/Caso-Aislado.php?Caso=Caso Noticias&numero=208","PNV","País Vasco","250000 €","0",,"Archivado"
"Caso Novo Carthago","https://www.casos-aislados.com/Caso-Aislado.php?Caso=Caso Novo Carthago&numero=195","PP","Región de Murcia","0 €","8","2002","Abierto"
"Caso Obras de Arte","https://www.casos-aislados.com/Caso-Aislado.php?Caso=Caso Obras de Arte&numero=590","PP","Comunidad Valenciana","0 €","4",,"Abierto"
"Caso Obrascampo","https://www.casos-aislados.com/Caso-Aislado.php?Caso=Caso Obrascampo&numero=666","Empresas","Andalucía","14800000 €","2","2011","Cerrado con condenas"
"Caso Oleguer Pujol","https://www.casos-aislados.com/Caso-Aislado.php?Caso=Caso Oleguer Pujol&numero=216","Empresas","Cataluña","15820000 €","6","2007",
"Caso Olula del Río","https://www.casos-aislados.com/Caso-Aislado.php?Caso=Caso Olula del Río&numero=345","PP","Andalucía","0 €","2",,"Abierto"
"Caso Ópera","https://www.casos-aislados.com/Caso-Aislado.php?Caso=Caso Ópera&numero=646","PP","Baleares","1200000 €","1","2007","Cerrado con condenas"
"Caso Oposiciones Melilla","https://www.casos-aislados.com/Caso-Aislado.php?Caso=Caso Oposiciones Melilla&numero=603","PP","Melilla","0 €","3",,"Abierto"
"Caso ORA","https://www.casos-aislados.com/Caso-Aislado.php?Caso=Caso ORA&numero=294","PP","Baleares","1200000 €","15","2015","Abierto"
"Caso Ordenadores Bárcenas","https://www.casos-aislados.com/Caso-Aislado.php?Caso=Caso Ordenadores Bárcenas&numero=644","PP","Nacional","0 €","4",,"Abierto"
"Caso Orquesta","https://www.casos-aislados.com/Caso-Aislado.php?Caso=Caso Orquesta&numero=132","Empresas","Galicia","50000 €","6","2011","Abierto"
"Caso Osvaldos","https://www.casos-aislados.com/Caso-Aislado.php?Caso=Caso Osvaldos&numero=322","PP","Comunidad Valenciana","29000000 €","8","2005","Abierto"
"Caso Otura","https://www.casos-aislados.com/Caso-Aislado.php?Caso=Caso Otura&numero=367","PP","Andalucía","0 €","5","2007","Cerrado con condenas"
"Caso Over Marketing","https://www.casos-aislados.com/Caso-Aislado.php?Caso=Caso Over Marketing&numero=79","PP","Baleares","32000000 €","7","2012","Cerrado con condenas"
"Caso Pabellón Andrés Torrejón","https://www.casos-aislados.com/Caso-Aislado.php?Caso=Caso Pabellón Andrés Torrejón&numero=633","PP","Comunidad de Madrid","3800000 €","4","2010","Abierto"
"Caso Pagalday","https://www.casos-aislados.com/Caso-Aislado.php?Caso=Caso Pagalday&numero=427","PNV","País Vasco","391000 €","2","1991","Cerrado con condenas"
"Caso Palas de Rei","https://www.casos-aislados.com/Caso-Aislado.php?Caso=Caso Palas de Rei&numero=401","PP","Galicia","0 €","9","2007","Cerrado con condenas"
"Caso Palau","https://www.casos-aislados.com/Caso-Aislado.php?Caso=Caso Palau&numero=16","CDC","Cataluña","35100000 €","15","2009","Cerrado con condenas"
"Caso Palau de les Arts","https://www.casos-aislados.com/Caso-Aislado.php?Caso=Caso Palau de les Arts&numero=324","PP","Comunidad Valenciana","2000000 €","5","2007","Abierto"
"Caso Pallerols","https://www.casos-aislados.com/Caso-Aislado.php?Caso=Caso Pallerols&numero=148","UDC","Cataluña","388483 €","3","1997","Cerrado con condenas"
"Caso Palma Arena","https://www.casos-aislados.com/Caso-Aislado.php?Caso=Caso Palma Arena&numero=80","PP","Baleares","60000000 €","42","2007","Abierto"
"Caso Paraíso","https://www.casos-aislados.com/Caso-Aislado.php?Caso=Caso Paraíso&numero=133","PSOE","Canarias","243000 €","7","2006","Cerrado con condenas"
"Caso Pardellas","https://www.casos-aislados.com/Caso-Aislado.php?Caso=Caso Pardellas&numero=386","PP","Galicia","0 €","1","2004","Cerrado con condenas"
"Caso Parking Las Calcosas","https://www.casos-aislados.com/Caso-Aislado.php?Caso=Caso Parking Las Calcosas&numero=276","PP","Canarias","143000 €","2","1999","Cerrado con condenas"
"Caso Pasarelas","https://www.casos-aislados.com/Caso-Aislado.php?Caso=Caso Pasarelas&numero=372","PP","Región de Murcia","0 €","2","2006","Archivado"
"Caso Patos/Autoridad Portuaria Vigo","https://www.casos-aislados.com/Caso-Aislado.php?Caso=Caso Patos/Autoridad Portuaria Vigo&numero=664","Empresas","Galicia","0 €","4",,"Abierto"
"Caso Patos/Fornelos","https://www.casos-aislados.com/Caso-Aislado.php?Caso=Caso Patos/Fornelos&numero=665","PP","Galicia","0 €","3",,"Sobreseimiento Provisional"
"Caso Patos/Moraña","https://www.casos-aislados.com/Caso-Aislado.php?Caso=Caso Patos/Moraña&numero=662","PP","Galicia","80000 €","5",,"Abierto"
"Caso Patos/Nigrán","https://www.casos-aislados.com/Caso-Aislado.php?Caso=Caso Patos/Nigrán&numero=661","PP","Galicia","0 €","2","2013","Cerrado con condenas"
"Caso Patos/Pedra Moura","https://www.casos-aislados.com/Caso-Aislado.php?Caso=Caso Patos/Pedra Moura&numero=663","Empresas","Galicia","100000 €","3",,"Archivado"
"Caso Peaje","https://www.casos-aislados.com/Caso-Aislado.php?Caso=Caso Peaje&numero=153","UM","Baleares","41900000 €","18","2004","Abierto"
"Caso Perla Negra","https://www.casos-aislados.com/Caso-Aislado.php?Caso=Caso Perla Negra&numero=252","PP","Castilla y León","4400000 €","12","2005","Abierto"
"Caso PGOU Vall de Alba","https://www.casos-aislados.com/Caso-Aislado.php?Caso=Caso PGOU Vall de Alba&numero=602","PP","Comunidad Valenciana","3314400 €","3","2005","Abierto"
"Caso PGOU Valladolid","https://www.casos-aislados.com/Caso-Aislado.php?Caso=Caso PGOU Valladolid&numero=526","PP","Castilla y León","0 €","14","2002","Cerrado con condenas"
"Caso Picnic","https://www.casos-aislados.com/Caso-Aislado.php?Caso=Caso Picnic&numero=154","UM","Baleares","0 €","0","2011","Archivado"
"Caso Piscina","https://www.casos-aislados.com/Caso-Aislado.php?Caso=Caso Piscina&numero=83","PP","Canarias","0 €","0",,"Archivado"
"Caso Pitiusa","https://www.casos-aislados.com/Caso-Aislado.php?Caso=Caso Pitiusa&numero=2","Funcionarios","Nacional","0 €","180","2012","Cerrado con condenas"
"Caso Plan Territorial","https://www.casos-aislados.com/Caso-Aislado.php?Caso=Caso Plan Territorial&numero=84","UM","Baleares","0 €","0","2008","Archivado"
"Caso Plaold","https://www.casos-aislados.com/Caso-Aislado.php?Caso=Caso Plaold&numero=134","PSOE","País Vasco","146140 €","0","2009",
"Caso Plasencia","https://www.casos-aislados.com/Caso-Aislado.php?Caso=Caso Plasencia&numero=135","PSOE","Extremadura","18000 €","3","2014","Cerrado con condenas"
"Caso Plasenzuela","https://www.casos-aislados.com/Caso-Aislado.php?Caso=Caso Plasenzuela&numero=136","PSOE","Extremadura","0 €","0","2009","Archivado"
"Caso Plaza","https://www.casos-aislados.com/Caso-Aislado.php?Caso=Caso Plaza&numero=605","PSOE","Aragón","147000000 €","29",,"Abierto"
"Caso Plaza de Toros","https://www.casos-aislados.com/Caso-Aislado.php?Caso=Caso Plaza de Toros&numero=636","PSOE","Castilla La Mancha","0 €","3",,"Abierto"
"Caso Plaza/Aulario","https://www.casos-aislados.com/Caso-Aislado.php?Caso=Caso Plaza/Aulario&numero=606","Empresas","Aragón","1400000 €","1",,"Abierto"
"Caso Plaza/Kartódromo","https://www.casos-aislados.com/Caso-Aislado.php?Caso=Caso Plaza/Kartódromo&numero=607","PSOE","Aragón","661110 €","3",,"Archivado"
"Caso Plaza/Naves","https://www.casos-aislados.com/Caso-Aislado.php?Caso=Caso Plaza/Naves&numero=197","PSOE","Aragón","8700000 €","3",,"Abierto"
"Caso Pokémon","https://www.casos-aislados.com/Caso-Aislado.php?Caso=Caso Pokémon&numero=85","PP-PSOE","Galicia","1882155745 €","100","2012","Abierto"
"Caso Pokemon/Concello Santiago","https://www.casos-aislados.com/Caso-Aislado.php?Caso=Caso Pokemon/Concello Santiago&numero=539","PP","Galicia","0 €","2","2011","Abierto"
"Caso Pokemon/Grúa de Lugo","https://www.casos-aislados.com/Caso-Aislado.php?Caso=Caso Pokemon/Grúa de Lugo&numero=536","PSOE","Galicia","0 €","5",,"Abierto"
"Caso Pokemon/Miño-Sil","https://www.casos-aislados.com/Caso-Aislado.php?Caso=Caso Pokemon/Miño-Sil&numero=538","PSOE","Galicia","0 €","6",,"Abierto"
"Caso Pokemon/Vendex","https://www.casos-aislados.com/Caso-Aislado.php?Caso=Caso Pokemon/Vendex&numero=537","PP-PSOE","Galicia","0 €","49","2009","Abierto"
"Caso Polideportivo Estación","https://www.casos-aislados.com/Caso-Aislado.php?Caso=Caso Polideportivo Estación&numero=396","PP","Comunidad de Madrid","10161688 €","7","2006",
"Caso Polideportivo Ibi","https://www.casos-aislados.com/Caso-Aislado.php?Caso=Caso Polideportivo Ibi&numero=341","PP","Comunidad Valenciana","21400 €","1","2005","Abierto"
"Caso Poniente","https://www.casos-aislados.com/Caso-Aislado.php?Caso=Caso Poniente&numero=32","PAL","Andalucía","100440190 €","50","2009","Abierto"
"Caso Ponteceso","https://www.casos-aislados.com/Caso-Aislado.php?Caso=Caso Ponteceso&numero=399","PP","Galicia","450000 €","3",,"Abierto"
"Caso Port Vell","https://www.casos-aislados.com/Caso-Aislado.php?Caso=Caso Port Vell&numero=271","CDC","Cataluña","0 €","0","2012","Archivado"
"Caso Porto","https://www.casos-aislados.com/Caso-Aislado.php?Caso=Caso Porto&numero=86","PP","Comunidad de Madrid","4600000 €","3","2004","Abierto"
"Caso PP alcazareño","https://www.casos-aislados.com/Caso-Aislado.php?Caso=Caso PP alcazareño&numero=215","PP","Castilla La Mancha","20000 €","1","2016","Sobreseimiento Provisional"
"Caso PP de Valga","https://www.casos-aislados.com/Caso-Aislado.php?Caso=Caso PP de Valga&numero=258","PP","Galicia","0 €","9","1992","Archivado"
"Caso PP Mojácar","https://www.casos-aislados.com/Caso-Aislado.php?Caso=Caso PP Mojácar&numero=671","PP","Andalucía","0 €","2","2014","Abierto"
"Caso Preferentes","https://www.casos-aislados.com/Caso-Aislado.php?Caso=Caso Preferentes&numero=257","Bancos","Nacional","1831000000 €","19","2009","Abierto"
"Caso Pretoria","https://www.casos-aislados.com/Caso-Aislado.php?Caso=Caso Pretoria&numero=149","PSC-UDC","Cataluña","40000000 €","11","2009","Cerrado con condenas"
"Caso Proconor","https://www.casos-aislados.com/Caso-Aislado.php?Caso=Caso Proconor&numero=592","PRC","Cantabria","0 €","21",,"Abierto"
"Caso PSPV y Bloc","https://www.casos-aislados.com/Caso-Aislado.php?Caso=Caso PSPV y Bloc&numero=436","PSOE","Comunidad Valenciana","736707 €","2","2008","Abierto"
"Caso PTA","https://www.casos-aislados.com/Caso-Aislado.php?Caso=Caso PTA&numero=318","PSOE","Andalucía","244000 €","3","2006","Cerrado con condenas"
"Caso Puerta de Hierro","https://www.casos-aislados.com/Caso-Aislado.php?Caso=Caso Puerta de Hierro&numero=376","PP","Comunidad de Madrid","0 €","8","2008","Abierto"
"Caso Puerto Gallego","https://www.casos-aislados.com/Caso-Aislado.php?Caso=Caso Puerto Gallego&numero=139","PSOE","Cantabria","0 €","9","2003","Abierto"
"Caso Puertos Deportivos","https://www.casos-aislados.com/Caso-Aislado.php?Caso=Caso Puertos Deportivos&numero=356","PP","Comunidad Valenciana","0 €","3","2004","Abierto"
"Caso Pujalte","https://www.casos-aislados.com/Caso-Aislado.php?Caso=Caso Pujalte&numero=184","PP","Comunidad de Madrid","429560 €","2","2015","Abierto"
"Caso Pujol","https://www.casos-aislados.com/Caso-Aislado.php?Caso=Caso Pujol&numero=171","CDC","Cataluña","69000000 €","9",,"Abierto"
"Caso Pulpo","https://www.casos-aislados.com/Caso-Aislado.php?Caso=Caso Pulpo&numero=273","PSOE","Galicia","0 €","4","2013","Abierto"
"Caso Púnica","https://www.casos-aislados.com/Caso-Aislado.php?Caso=Caso Púnica&numero=102","PP","Nacional","500000000 €","2","2004","Abierto"
"Caso Púnica/Alfedel","https://www.casos-aislados.com/Caso-Aislado.php?Caso=Caso Púnica/Alfedel&numero=483","PP","Comunidad de Madrid","0 €","1",,"Abierto"
"Caso Púnica/Arpegio","https://www.casos-aislados.com/Caso-Aislado.php?Caso=Caso Púnica/Arpegio&numero=484","PP","Comunidad de Madrid","0 €","12",,"Abierto"
"Caso Púnica/Blanqueo capitales","https://www.casos-aislados.com/Caso-Aislado.php?Caso=Caso Púnica/Blanqueo capitales&numero=481","PP","Comunidad de Madrid","0 €","18",,"Abierto"
"Caso Púnica/Cofely","https://www.casos-aislados.com/Caso-Aislado.php?Caso=Caso Púnica/Cofely&numero=479","PP","Comunidad de Madrid","0 €","37",,"Abierto"
"Caso Púnica/Contratos Públicos","https://www.casos-aislados.com/Caso-Aislado.php?Caso=Caso Púnica/Contratos Públicos&numero=478","PP","Comunidad de Madrid","0 €","1",,"Abierto"
"Caso Púnica/Diputación de León","https://www.casos-aislados.com/Caso-Aislado.php?Caso=Caso Púnica/Diputación de León&numero=475","PP","Castilla y León","0 €","4",,"Abierto"
"Caso Púnica/Eico y Madiva","https://www.casos-aislados.com/Caso-Aislado.php?Caso=Caso Púnica/Eico y Madiva&numero=482","PP","Comunidad de Madrid","0 €","12",,"Abierto"
"Caso Púnica/Financiación PP","https://www.casos-aislados.com/Caso-Aislado.php?Caso=Caso Púnica/Financiación PP&numero=485","PP","Comunidad de Madrid","24000000 €","47",,"Abierto"
"Caso Púnica/Murcia","https://www.casos-aislados.com/Caso-Aislado.php?Caso=Caso Púnica/Murcia&numero=476","PP","Región de Murcia","0 €","24","2014","Abierto"
"Caso Púnica/Talamino","https://www.casos-aislados.com/Caso-Aislado.php?Caso=Caso Púnica/Talamino&numero=474","PP","Comunidad de Madrid","0 €","3","2014","Cerrado con condenas"
"Caso Púnica/Valdemoro","https://www.casos-aislados.com/Caso-Aislado.php?Caso=Caso Púnica/Valdemoro&numero=477","PP","Comunidad de Madrid","0 €","24","1999","Abierto"
"Caso Púnica/Waiter Music","https://www.casos-aislados.com/Caso-Aislado.php?Caso=Caso Púnica/Waiter Music&numero=480","PP","Comunidad de Madrid","0 €","4",,"Abierto"
"Caso Rasputín","https://www.casos-aislados.com/Caso-Aislado.php?Caso=Caso Rasputín&numero=87","PP","Baleares","129 €","0","2004",
"Caso Rato/Blanqueo de capitales","https://www.casos-aislados.com/Caso-Aislado.php?Caso=Caso Rato/Blanqueo de capitales&numero=625","PP","Nacional","7830000 €","1",,"Abierto"
"Caso Rato/Fraude Fiscal","https://www.casos-aislados.com/Caso-Aislado.php?Caso=Caso Rato/Fraude Fiscal&numero=181","PP","Nacional","0 €","1","2014","Abierto"
"Caso Recinto Ferial","https://www.casos-aislados.com/Caso-Aislado.php?Caso=Caso Recinto Ferial&numero=449","CC","Canarias","605404 €","1","2011","Abierto"
"Caso Renedo","https://www.casos-aislados.com/Caso-Aislado.php?Caso=Caso Renedo&numero=128","PSOE","Asturias","4000000 €","10","2009","Cerrado con condenas"
"Caso Rescate Bancario","https://www.casos-aislados.com/Caso-Aislado.php?Caso=Caso Rescate Bancario&numero=180","Cajas de Ahorros","Nacional","58948000000 €","0","2011","Abierto"
"Caso Residencia El Gordo","https://www.casos-aislados.com/Caso-Aislado.php?Caso=Caso Residencia El Gordo&numero=454","PP","Extremadura","820000 €","5","2009","Abierto"
"Caso Rimet","https://www.casos-aislados.com/Caso-Aislado.php?Caso=Caso Rimet&numero=238","Empresas","Cataluña","20000000 €","6","2008","Abierto"
"Caso Río Manzanares","https://www.casos-aislados.com/Caso-Aislado.php?Caso=Caso Río Manzanares&numero=677","PSOE","Comunidad de Madrid","0 €","5","2015","Abierto"
"Caso Rojo","https://www.casos-aislados.com/Caso-Aislado.php?Caso=Caso Rojo&numero=220","Cs","Comunidad Valenciana","0 €","1",,"Archivado"
"Caso Rosario","https://www.casos-aislados.com/Caso-Aislado.php?Caso=Caso Rosario&numero=304","Empresas","Comunidad de Madrid","12000000 €","3","2017","Abierto"
"Caso Rosinos","https://www.casos-aislados.com/Caso-Aislado.php?Caso=Caso Rosinos&numero=387","PP","Castilla y León","0 €","1","2005","Cerrado con condenas"
"Caso Rototom","https://www.casos-aislados.com/Caso-Aislado.php?Caso=Caso Rototom&numero=340","PP","Comunidad Valenciana","0 €","1","2015","Abierto"
"Caso RTVV","https://www.casos-aislados.com/Caso-Aislado.php?Caso=Caso RTVV&numero=199","PP","Comunidad Valenciana","1200000000 €","4",,"Abierto"
"Caso Sa Nostra","https://www.casos-aislados.com/Caso-Aislado.php?Caso=Caso Sa Nostra&numero=528","Cajas de Ahorros","Baleares","80000000 €","7","2008","Abierto"
"Caso Sabor Sanlúcar","https://www.casos-aislados.com/Caso-Aislado.php?Caso=Caso Sabor Sanlúcar&numero=167","Empresas","Andalucía","2591379 €","11","2009","Abierto"
"Caso Salmón","https://www.casos-aislados.com/Caso-Aislado.php?Caso=Caso Salmón&numero=88","PP","Canarias","0 €","2",,"Archivado"
"Caso Salvador Alba","https://www.casos-aislados.com/Caso-Aislado.php?Caso=Caso Salvador Alba&numero=628","Judicatura","Canarias","0 €","1","2016","Cerrado con condenas"
"Caso Samaniego","https://www.casos-aislados.com/Caso-Aislado.php?Caso=Caso Samaniego&numero=383","PP","Castilla y León","2464647 €","4","2000","Abierto"
"Caso San Antonio","https://www.casos-aislados.com/Caso-Aislado.php?Caso=Caso San Antonio&numero=255","PP","País Vasco","393862 €","2","2007","Archivado"
"Caso San Javier","https://www.casos-aislados.com/Caso-Aislado.php?Caso=Caso San Javier&numero=211","PP","Región de Murcia","0 €","4","1999","Archivado Definitivamente"
"Caso Sanlúcar","https://www.casos-aislados.com/Caso-Aislado.php?Caso=Caso Sanlúcar&numero=142","PSOE","Andalucía","0 €","6","1999","Cerrado con condenas"
"Caso Sant Pau","https://www.casos-aislados.com/Caso-Aislado.php?Caso=Caso Sant Pau&numero=3","PSC","Cataluña","0 €","9","2012","Archivado"
"Caso Santa Brígida","https://www.casos-aislados.com/Caso-Aislado.php?Caso=Caso Santa Brígida&numero=352","PP","Canarias","0 €","1","2005","Cerrado con condenas"
"Caso Santa Catalina","https://www.casos-aislados.com/Caso-Aislado.php?Caso=Caso Santa Catalina&numero=570","PRC","Cantabria","2400000 €","9","2003","Cerrado con condenas"
"Caso Santa Cruz de Paniagua","https://www.casos-aislados.com/Caso-Aislado.php?Caso=Caso Santa Cruz de Paniagua&numero=143","PSOE","Extremadura","8000 €","3","2003","Abierto"
"Caso Saqueo","https://www.casos-aislados.com/Caso-Aislado.php?Caso=Caso Saqueo&numero=27","GIL","Andalucía","279000000 €","256",,"Cerrado con condenas"
"Caso SCS","https://www.casos-aislados.com/Caso-Aislado.php?Caso=Caso SCS&numero=656","Empresas Públicas","Cantabria","291422 €","4",,"Abierto"
"Caso Seat","https://www.casos-aislados.com/Caso-Aislado.php?Caso=Caso Seat&numero=144","PSOE","Nacional","1051771 €","0","1988","Prescrito"
"Caso Sebastián Ruiz","https://www.casos-aislados.com/Caso-Aislado.php?Caso=Caso Sebastián Ruiz&numero=285","PP","Andalucía","0 €","9","2011","Abierto"
"Caso Selosa Bioenergía","https://www.casos-aislados.com/Caso-Aislado.php?Caso=Caso Selosa Bioenergía&numero=312","Empresas","Andalucía","564536 €","2","2008","Cerrado con condenas"
"Caso Serrallo","https://www.casos-aislados.com/Caso-Aislado.php?Caso=Caso Serrallo&numero=246","PP","Andalucía","306917 €","16","2012","Abierto"
"Caso Siliuto","https://www.casos-aislados.com/Caso-Aislado.php?Caso=Caso Siliuto&numero=242","CC","Canarias","280000 €","3","2003","Cerrado con condenas"
"Caso Sinpromi","https://www.casos-aislados.com/Caso-Aislado.php?Caso=Caso Sinpromi&numero=279","CC","Canarias","1200000 €","2","2008","Abierto"
"Caso Sobresueldos","https://www.casos-aislados.com/Caso-Aislado.php?Caso=Caso Sobresueldos&numero=351","PP-PSOE","Andalucía","0 €","3","2009","Abierto"
"Caso Sogiese","https://www.casos-aislados.com/Caso-Aislado.php?Caso=Caso Sogiese&numero=564","PSOE","Cantabria","90000 €","1","2009","Abierto"
"Caso Solà y Matas","https://www.casos-aislados.com/Caso-Aislado.php?Caso=Caso Solà y Matas&numero=200","CDC","Cataluña","960000 €","2","2000","Cerrado con condenas"
"Caso Soler","https://www.casos-aislados.com/Caso-Aislado.php?Caso=Caso Soler&numero=212","Cs","Región de Murcia","0 €","1","2017",
"Caso Someso","https://www.casos-aislados.com/Caso-Aislado.php?Caso=Caso Someso&numero=140","PSOE","Galicia","20000000 €","0","2004","Abierto"
"Caso Somos Alcalá","https://www.casos-aislados.com/Caso-Aislado.php?Caso=Caso Somos Alcalá&numero=600","SA","Comunidad de Madrid","40000 €","4","2016","Abierto"
"Caso Son Espases","https://www.casos-aislados.com/Caso-Aislado.php?Caso=Caso Son Espases&numero=425","PP","Baleares","0 €","4","2006","Abierto"
"Caso Son Oms","https://www.casos-aislados.com/Caso-Aislado.php?Caso=Caso Son Oms&numero=329","UM","Baleares","5000000 €","3","2004","Abierto"
"Caso Sporting","https://www.casos-aislados.com/Caso-Aislado.php?Caso=Caso Sporting&numero=339","PP","Comunidad Valenciana","190000 €","3","2011","Cerrado con condenas"
"Caso Stratvs/I","https://www.casos-aislados.com/Caso-Aislado.php?Caso=Caso Stratvs/I&numero=638","NC/PNL/PIL","Canarias","0 €","10",,"Cerrado con condenas"
"Caso Stratvs/II","https://www.casos-aislados.com/Caso-Aislado.php?Caso=Caso Stratvs/II&numero=639","PNL","Canarias","0 €","12",,"Abierto"
"Caso Suárez Trenor","https://www.casos-aislados.com/Caso-Aislado.php?Caso=Caso Suárez Trenor&numero=280","CC","Canarias","500000 €","1","2000","Abierto"
"Caso Subastas","https://www.casos-aislados.com/Caso-Aislado.php?Caso=Caso Subastas&numero=350","PP","Andalucía","0 €","2","2011","Abierto"
"Caso Subvención PP","https://www.casos-aislados.com/Caso-Aislado.php?Caso=Caso Subvención PP&numero=658","PP","Baleares","212941 €","1","2007","Cerrado con condenas"
"Caso Subvenciones Melilla","https://www.casos-aislados.com/Caso-Aislado.php?Caso=Caso Subvenciones Melilla&numero=604","PP","Melilla","50000 €","1","2007","Abierto"
"Caso Suma Chiva","https://www.casos-aislados.com/Caso-Aislado.php?Caso=Caso Suma Chiva&numero=588","PP","Comunidad Valenciana","130000 €","3","2008","Abierto"
"Caso Tabacalera","https://www.casos-aislados.com/Caso-Aislado.php?Caso=Caso Tabacalera&numero=177","Empresas Públicas","Nacional","1860000 €","2","1998","Prescrito"
"Caso Tarjetas Black Bankia","https://www.casos-aislados.com/Caso-Aislado.php?Caso=Caso Tarjetas Black Bankia&numero=169","Cajas de Ahorros","Comunidad de Madrid","15500000 €","66","2014","Cerrado con condenas"
"Caso Taula","https://www.casos-aislados.com/Caso-Aislado.php?Caso=Caso Taula&numero=90","PP","Comunidad Valenciana","1300000000 €","50","2003","Abierto"
"Caso Teatro","https://www.casos-aislados.com/Caso-Aislado.php?Caso=Caso Teatro&numero=205","PP","Comunidad de Madrid","0 €","34","2012","Abierto"
"Caso Teatro de Cehegín","https://www.casos-aislados.com/Caso-Aislado.php?Caso=Caso Teatro de Cehegín&numero=290","PP","Región de Murcia","5000000 €","1","2006","Abierto"
"Caso Tele7","https://www.casos-aislados.com/Caso-Aislado.php?Caso=Caso Tele7&numero=659","PP","Comunidad Valenciana","500000 €","8","2012","Abierto"
"Caso Terán","https://www.casos-aislados.com/Caso-Aislado.php?Caso=Caso Terán&numero=146","PSOE","Andalucía","46000 €","3","1998","Cerrado con condenas"
"Caso Terra Mítica","https://www.casos-aislados.com/Caso-Aislado.php?Caso=Caso Terra Mítica&numero=325","Empresas","Comunidad Valenciana","5800000 €","35","2000","Cerrado con condenas"
"Caso Terra Natura Benidorm","https://www.casos-aislados.com/Caso-Aislado.php?Caso=Caso Terra Natura Benidorm&numero=91","PP","Comunidad Valenciana","1710000 €","0","2007",
"Caso TG7","https://www.casos-aislados.com/Caso-Aislado.php?Caso=Caso TG7&numero=455","PP","Andalucía","864121 €","2","2013","Abierto"
"Caso Torre Pacheco","https://www.casos-aislados.com/Caso-Aislado.php?Caso=Caso Torre Pacheco&numero=359","PP","Región de Murcia","776492 €","5","2003","Cerrado con condenas"
"Caso Torres de Calatrava","https://www.casos-aislados.com/Caso-Aislado.php?Caso=Caso Torres de Calatrava&numero=92","PP","Comunidad Valenciana","15000000 €","0","2004","Archivado"
"Caso Torrevieja","https://www.casos-aislados.com/Caso-Aislado.php?Caso=Caso Torrevieja&numero=201","PP","Comunidad Valenciana","0 €","1","2004","Cerrado con condenas"
"Caso Tosca","https://www.casos-aislados.com/Caso-Aislado.php?Caso=Caso Tosca&numero=254","PP","Melilla","4200000 €","35","2007","Abierto"
"Caso Tótem","https://www.casos-aislados.com/Caso-Aislado.php?Caso=Caso Tótem&numero=93","PP","Región de Murcia","15500000 €","1","2011","Cerrado con condenas"
"Caso Trajes","https://www.casos-aislados.com/Caso-Aislado.php?Caso=Caso Trajes&numero=202","PP","Comunidad Valenciana","0 €","2",,
"Caso Trama Solar","https://www.casos-aislados.com/Caso-Aislado.php?Caso=Caso Trama Solar&numero=244","PP","Castilla y León","1069651 €","5","2006","Cerrado con condenas"
"Caso Trapur","https://www.casos-aislados.com/Caso-Aislado.php?Caso=Caso Trapur&numero=571","PP","Cantabria","0 €","2","2003","Cerrado con condenas"
"Caso Trasso","https://www.casos-aislados.com/Caso-Aislado.php?Caso=Caso Trasso&numero=591","PP","Comunidad Valenciana","0 €","8","2010","Abierto"
"Caso Treball","https://www.casos-aislados.com/Caso-Aislado.php?Caso=Caso Treball&numero=150","CiU","Cataluña","46157 €","1","1990","Cerrado con condenas"
"Caso Tren Turístico","https://www.casos-aislados.com/Caso-Aislado.php?Caso=Caso Tren Turístico&numero=567","CiU","Cataluña","0 €","11","2012","Abierto"
"Caso Tres Reyes","https://www.casos-aislados.com/Caso-Aislado.php?Caso=Caso Tres Reyes&numero=674","Empresas","Andalucía","0 €","7","2012","Abierto"
"Caso Troya","https://www.casos-aislados.com/Caso-Aislado.php?Caso=Caso Troya&numero=94","PP","Andalucía","0 €","2","2012","Cerrado con condenas"
"Caso Túnel de Sóller","https://www.casos-aislados.com/Caso-Aislado.php?Caso=Caso Túnel de Sóller&numero=96","PP","Baleares","300505 €","0","1995",
"Caso Turismo Joven","https://www.casos-aislados.com/Caso-Aislado.php?Caso=Caso Turismo Joven&numero=95","PP","Baleares","3000000 €","3","2003","Cerrado con condenas"
"Caso Txomin Renteria","https://www.casos-aislados.com/Caso-Aislado.php?Caso=Caso Txomin Renteria&numero=420","PNV","País Vasco","471000 €","1","2007","Cerrado con condenas"
"Caso UGT Andalucía","https://www.casos-aislados.com/Caso-Aislado.php?Caso=Caso UGT Andalucía&numero=678","UGT","Andalucía","40750000 €","15","2009","Abierto"
"Caso Umax","https://www.casos-aislados.com/Caso-Aislado.php?Caso=Caso Umax&numero=503","PSOE","Andalucía","1550114 €","6","2003","Cerrado con condenas"
"Caso Umbra","https://www.casos-aislados.com/Caso-Aislado.php?Caso=Caso Umbra&numero=97","PP","Región de Murcia","311000000 €","18","2001","Abierto"
"Caso Uniformes","https://www.casos-aislados.com/Caso-Aislado.php?Caso=Caso Uniformes&numero=189","PP","Andalucía","816267 €","6","1998","Cerrado con condenas"
"Caso Uniformes Santa Pola","https://www.casos-aislados.com/Caso-Aislado.php?Caso=Caso Uniformes Santa Pola&numero=407","PP","Comunidad Valenciana","105285 €","10","2011","Abierto"
"Caso Unión","https://www.casos-aislados.com/Caso-Aislado.php?Caso=Caso Unión&numero=33","PIL","Canarias","40000000 €","0","2009",
"Caso Urralburu","https://www.casos-aislados.com/Caso-Aislado.php?Caso=Caso Urralburu&numero=178","PSOE","Navarra","1720000 €","6","1994","Cerrado con condenas"
"Caso Valle Gran Rey","https://www.casos-aislados.com/Caso-Aislado.php?Caso=Caso Valle Gran Rey&numero=277","PSOE","Canarias","7412 €","1","2008","Cerrado con condenas"
"Caso Valley","https://www.casos-aislados.com/Caso-Aislado.php?Caso=Caso Valley&numero=378","PP","Región de Murcia","0 €","4","2005","Abierto"
"Caso Valmor Fórmula 1","https://www.casos-aislados.com/Caso-Aislado.php?Caso=Caso Valmor Fórmula 1&numero=204","PP","Comunidad Valenciana","89000000 €","16","2007","Abierto"
"Caso Vela Mata","https://www.casos-aislados.com/Caso-Aislado.php?Caso=Caso Vela Mata&numero=343","PP","Comunidad Valenciana","0 €","4","2013","Sobreseimiento Provisional"
"Caso Vertedero Molina de Segura","https://www.casos-aislados.com/Caso-Aislado.php?Caso=Caso Vertedero Molina de Segura&numero=361","PP","Región de Murcia","8000000 €","3","2004","Abierto"
"Caso Vertedero Nerja","https://www.casos-aislados.com/Caso-Aislado.php?Caso=Caso Vertedero Nerja&numero=631","PP-PSOE","Andalucía","0 €","13","1998","Abierto"
"Caso Vícar","https://www.casos-aislados.com/Caso-Aislado.php?Caso=Caso Vícar&numero=389","PP","Andalucía","0 €","1","1997","Cerrado con condenas"
"Caso Vilariño","https://www.casos-aislados.com/Caso-Aislado.php?Caso=Caso Vilariño&numero=385","PP","Galicia","0 €","1","2012","Cerrado con condenas"
"Caso Villar (Soule)","https://www.casos-aislados.com/Caso-Aislado.php?Caso=Caso Villar (Soule)&numero=302","Empresas","Nacional","53000000 €","10","2010","Abierto"
"Caso Villarejo/Carol","https://www.casos-aislados.com/Caso-Aislado.php?Caso=Caso Villarejo/Carol&numero=650",,"Nacional","0 €","0","2015","Archivado"
"Caso Villarejo/Iron","https://www.casos-aislados.com/Caso-Aislado.php?Caso=Caso Villarejo/Iron&numero=648","Empresas","Nacional","300000 €","7",,"Abierto"
"Caso Villarejo/King","https://www.casos-aislados.com/Caso-Aislado.php?Caso=Caso Villarejo/King&numero=348","Empresas","Nacional","5300000 €","11",,"Abierto"
"Caso Villarejo/Kitchen","https://www.casos-aislados.com/Caso-Aislado.php?Caso=Caso Villarejo/Kitchen&numero=653","Policía Nacional","Nacional","0 €","9",,"Abierto"
"Caso Villarejo/Land","https://www.casos-aislados.com/Caso-Aislado.php?Caso=Caso Villarejo/Land&numero=649","Empresas","Nacional","362082 €","5",,"Abierto"
"Caso Villarejo/Marbella","https://www.casos-aislados.com/Caso-Aislado.php?Caso=Caso Villarejo/Marbella&numero=655","Empresas","Nacional","0 €","0",,"Abierto"
"Caso Villarejo/Pintor","https://www.casos-aislados.com/Caso-Aislado.php?Caso=Caso Villarejo/Pintor&numero=651","Empresas","Nacional","0 €","5",,"Abierto"
"Caso Villarejo/Pit","https://www.casos-aislados.com/Caso-Aislado.php?Caso=Caso Villarejo/Pit&numero=654","Empresas","Nacional","10000000 €","10",,"Abierto"
"Caso Villarejo/Trampa","https://www.casos-aislados.com/Caso-Aislado.php?Caso=Caso Villarejo/Trampa&numero=652","Empresas","Nacional","0 €","10",,"Abierto"
"Caso Villas del Arenal","https://www.casos-aislados.com/Caso-Aislado.php?Caso=Caso Villas del Arenal&numero=596","PP","Andalucía","0 €","3",,"Abierto"
"Caso Villaviciosa de Odón","https://www.casos-aislados.com/Caso-Aislado.php?Caso=Caso Villaviciosa de Odón&numero=525","PP","Comunidad de Madrid","0 €","8","2011","Abierto"
"Caso Vitaldent","https://www.casos-aislados.com/Caso-Aislado.php?Caso=Caso Vitaldent&numero=283","Empresas","Comunidad de Madrid","10000000 €","13","2009","Abierto"
"Caso Voltar Lassen","https://www.casos-aislados.com/Caso-Aislado.php?Caso=Caso Voltar Lassen&numero=256","PP","Comunidad de Madrid","0 €","15","2010","Abierto"
"Caso Xinzo de Limia","https://www.casos-aislados.com/Caso-Aislado.php?Caso=Caso Xinzo de Limia&numero=354","PP","Galicia","0 €","1","2012","Abierto"
"Caso Yate","https://www.casos-aislados.com/Caso-Aislado.php?Caso=Caso Yate&numero=637","PNL","Canarias","300000 €","9",,"Cerrado con condenas"
"Caso Zahorras","https://www.casos-aislados.com/Caso-Aislado.php?Caso=Caso Zahorras&numero=643","PP","Castilla La Mancha","114754 €","2",,"Abierto"
"Caso Zamora","https://www.casos-aislados.com/Caso-Aislado.php?Caso=Caso Zamora&numero=98","PP","Castilla y León","12020 €","33","1997","Archivado"
"Caso Zebra","https://www.casos-aislados.com/Caso-Aislado.php?Caso=Caso Zebra&numero=614","Empresas","Galicia","10000000 €","24",,"Abierto"
"Caso Zebra/Barral","https://www.casos-aislados.com/Caso-Aislado.php?Caso=Caso Zebra/Barral&numero=370","PP","Galicia","0 €","4",,"Abierto"
"Caso Zerrichera","https://www.casos-aislados.com/Caso-Aislado.php?Caso=Caso Zerrichera&numero=369","PP","Región de Murcia","0 €","3","2005","Cerrado con condenas"
"Caso Zeta","https://www.casos-aislados.com/Caso-Aislado.php?Caso=Caso Zeta&numero=99","Empresas","Galicia","20000000 €","25",,"Archivado Parcialmente"
